:1000000000000220ADC2000085C0000095C00000C5
:10001000F5C0000005C1000015C10000000000008F
:1000200000000000000000000000000025C10000EA
:1000300035C1000000000000D1BF000019C200005F
:1000400045C1000045C1000045C1000045C1000098
:1000500045C1000045C1000045C1000045C1000088
:1000600045C1000045C1000045C1000045C1000078
:1000700045C1000045C1000045C1000045C1000068
:1000800045C1000045C1000045C1000045C1000058
:1000900045C1000045C1000045C1000045C1000048
:1000A00045C1000045C1000045C1000045C1000038
:1000B00045C1000045C1000045C1000045C1000028
:1000C00045C1000045C1000045C1000045C1000018
:1000D00045C1000045C1000045C1000045C1000008
:1000E00045C1000045C1000045C1000045C10000F8
:1000F00045C1000045C1000045C1000045C10000E8
:1001000080B500AF0BF02EF900BF80BD80B584B084
:1001100000AF78600BF016FCF86007F10B030121CB
:1001200018460BF0F5F8F8680BF0F2FBFB7A18466E
:100130001037BD4680BD80B586B000AF78607B6863
:100140007B6100233B610BF0FDFB0346FB6001215B
:1001500078690BF0DDF8012178690BF0AFF87B6965
:100160001B780D2B04D101210F480BF0A7F80EE0EE
:100170007B691B78032B03D14FF0FF333B6106E013
:100180007B6901337B613B6901333B61DFE77B695D
:1001900000221A70FB6818460BF0BAFB3B69184640
:1001A0001837BD4680BD00BFECC5000080B584B0E7
:1001B00000AF78607B68DBB2FB720BF0C3FB0346D9
:1001C000FB60FB7A0A2B03D1012109480BF076F87A
:1001D00007F10B03012118460BF070F8FB68184675
:1001E0000BF096FB002318461037BD4680BD00BFBC
:1001F000EDC5000080B584B000AF78607B68FB601F
:100200000BF0A0FB0346BB6006E0FB685A1CFA60DB
:100210001B781846FFF7CAFFFB681B78002BF4D148
:10022000BB6818460BF074FB002318461037BD4618
:1002300080BD00BF80B487B000AFF860B9601346DE
:10024000FB71FB799B10DBB203F01003FB75FB79AC
:1002500003F03F03FB7114E0FA79BB68B3FBF2F1E2
:1002600001FB02F29A1AFB7D1344FA68013AFA6024
:100270000E4AD25CFB681A70FB79BA68B2FBF3F3E2
:10028000BB60FB79BA689A42E6D2FA7DBB68134438
:10029000FA68013AFA60054AD25CFB681A70FB689A
:1002A00018461C37BD465DF8047B704700C6000049
:1002B00080B590B000AFF860B9607A603B60002311
:1002C0003B630FE397F82730252B07D03B6B002BC0
:1002D00040F008837B68013B3B6303E33B6B002BEF
:1002E00009D07A683B6BD31A591EFB68BA68386B21
:1002F000984700233B63002387F825307B685A1C0E
:100300007A601B7887F8273097F82730203B102B2E
:1003100048D801A252F823F079030000A503000099
:10032000A503000087030000A5030000A50300004B
:10033000A5030000A5030000A5030000A50300001D
:10034000A50300006B030000A50300005D0300008F
:10035000A5030000A50300009503000097F82530D1
:1003600043F0010387F825301BE097F8253043F070
:10037000020387F8253014E097F8253043F0040392
:1003800087F825300DE097F8253043F0080387F80B
:10039000253006E097F8253043F0100387F8253024
:1003A00000BFABE700BF97F827302A2B19D13B6875
:1003B0001A1D3A601B687B87B7F93A30002B09DABF
:1003C0007B8F5B429BB27B8797F8253043F001031C
:1003D00087F825307B685A1C7A601B7887F82730AD
:1003E0001EE000237B8713E07B8F1A4692001344A4
:1003F0005B009AB297F827309BB213449BB2303B14
:100400009BB27B877B685A1C7A601B7887F8273001
:1004100097F827302F2B03D997F82730392BE3D9BA
:100420004FF6FF733B8797F827302E2B40D17B6820
:100430005A1C7A601B7887F8273097F827302A2BC8
:1004400011D13B681A1D3A601B683B87B7F93830F9
:10045000002B01DA00233B877B685A1C7A601B78EB
:1004600087F827301EE000233B8713E03B8F1A46B6
:10047000920013445B009AB297F827309BB2134462
:100480009BB2303B9BB23B877B685A1C7A601B78DF
:1004900087F8273097F827302F2B03D997F8273084
:1004A000392BE3D997F8253023F0100387F825304E
:1004B000002387F8243097F82730682B03D097F86B
:1004C00027306C2B09D197F8273087F824307B68C8
:1004D0005A1C7A601B7887F827300A2387F8263061
:1004E0000023FB7407F114030E33BB6297F8273027
:1004F000002B00F06B81002BC0F26C81782B00F395
:100500006981582BC0F26681583B202B00F2628132
:1005100001A252F823F000BF9D050000D50700009E
:10052000D5070000D5070000D5070000D50700005B
:10053000D5070000D5070000D5070000D50700004B
:10054000D5070000AF0700009D050000D50700009B
:10055000D5070000D5070000D50700009D05000065
:10056000D5070000D5070000D5070000D50700001B
:10057000D50700009D05000037070000D5070000E3
:10058000D507000067070000D50700009D050000A3
:10059000D5070000D50700009D05000097F824301E
:1005A0006C2B05D13B681A1D3A601B68FB6316E093
:1005B0003B681A1D3A601B68FB6397F82430682B70
:1005C0000DD197F82730692B03D097F82730642B8B
:1005D00002D1FB6B1BB201E0FB6B9BB2FB6397F894
:1005E0002730583B202B00F2938001A252F823F0D1
:1005F000B7060000110700001107000011070000F6
:10060000110700001107000011070000110700008A
:10061000110700001107000011070000110700007A
:100620007506000011070000110700001107000007
:1006300011070000750600001107000011070000F7
:10064000110700001107000011070000CB06000091
:10065000110700001107000011070000110700003A
:10066000110700001107000011070000110700002A
:10067000C1060000FB6B002B05DAFB6B5B42FB63E2
:100680002D23FB7410E097F8253003F00203002BB4
:1006900002D02B23FB7407E097F8253003F0040306
:1006A000002B32D02023FB74B7F93A309BB2013BC8
:1006B0009BB27B872CE097F82630403387F82630B2
:1006C00097F82630083387F8263097F82630023B13
:1006D00087F8263097F8253003F00803002B16D052
:1006E000FB6B002B13D07A8F97F82630082B01D1A3
:1006F000012300E00223D31A9BB27B8797F82630B0
:1007000063F07F0387F8263001E000BF00E000BF00
:10071000FB6B002B03D1B7F93830002B08D097F8CA
:1007200026301A46F96BB86AFFF784FD034600E0ED
:10073000BB6AFB6253E03B681A1D3A601B68FB63AF
:10074000FB6B002B06D0902387F826307B8F023B73
:100750009BB27B8797F826301A46F96BB86AFFF789
:1007600069FDF8623BE03B681A1D3A601B68FB625A
:10077000FB6ABB62B7F93830002B0BDA02E0BB6AC8
:100780000133BB62BB6A1B78002BF8D126E0BB6A41
:100790000133BB623B8F013B9BB23B87B7F93830DB
:1007A000002B1BDBBB6A1B78002BF0D116E0BB6A69
:1007B000FB623B681A1D3A601A68FB6A013BFB62E8
:1007C000D2B2FB6A1A7000233B8708E07B68013BCA
:1007D0007B6087E07B68013B3B6383E000BFBA6AD4
:1007E000FB6AD31AFB863A8FFB8ED31A9BB23B87E8
:1007F000B7F93830002B04DDFA8E3B8F13449BB2DF
:10080000FB867A8FFB8ED31A9BB27B8797F82530B5
:1008100003F01103002B0DD104E0FB68BA6801213D
:100820003D4898477B8F013B9BB27B87B7F93A30B5
:10083000002BF2DAFB7C002B05D007F11300FB68DC
:10084000BA680121984797F92630002B17DAFB6820
:10085000BA6801213148984797F8263003F0100311
:10086000002B0CD097F8263003F04003002B01D06A
:100870002B4800E02B48FB68BA68012198473B8F62
:10088000FB86B7F93630002B0FDC97F8253003F0E4
:100890001103102B09D17B8FFB8600237B8704E09B
:1008A000FB68BA6801211D489847FB8E013B9BB24B
:1008B000FB86B7F93630002BF2DABA6AFB6AD11A36
:1008C000FB68BA68F86A984704E0FB68BA680121D7
:1008D000114898477B8F013B9BB27B87B7F93A3031
:1008E000002BF2DA7B685A1C7A601B7887F8273075
:1008F00097F82730002B7FF4E5AC3B6B002B07D03B
:100900007A683B6BD31A591EFB68BA68386B9847F4
:1009100000BF4037BD4680BDF0C50000F4C50000F3
:10092000F8C50000FCC5000080B584B000AFF860D9
:10093000B9607A607B68B3F900309AB2BB689BB249
:1009400013449BB21AB27B681A8006E0FB685A1CFB
:10095000FA601B781846FFF729FCBB68013BBB60B7
:10096000BB68002BF2DA00BF00BF1037BD4680BD68
:100970000FB480B582B000AF00237B8007F1140371
:100980007B60B91C7B683A690548FFF791FCB7F9B1
:10099000023018460837BD46BDE8804004B07047B5
:1009A0002909000080B485B000AFF860B9607A60B2
:1009B0007B68B3F900309AB2BB689BB213449BB218
:1009C0001AB27B681A8009E0FA68531CFB607B68E6
:1009D0005B68581C7968486012781A70BB68013BE4
:1009E000BB60BB68002BEFDA00BF00BF1437BD4609
:1009F0005DF8047B70470EB480B587B000AF7860B7
:100A000000233B827B687B6107F12803FB6007F1D1
:100A10001001FB687A6A0948FFF74AFCB7F9103001
:100A20001A467B68134400221A70B7F91030184632
:100A30001C37BD46BDE8804003B07047A5090000E3
:100A400080B584B000AF78600AF07CFFF8607B6806
:100A50001B685A1C7B681A607B681B68BB60F8685F
:100A60000AF056FFBB6818461037BD4680BD80B5FA
:100A700084B000AF78600AF065FFF8607B681B689F
:100A8000591E7A681160BB60F8680AF041FFBB68C4
:100A900018461037BD4680BD80B582B000AF786083
:100AA0007868FFF7CDFF0346002B07DD7B685B68A6
:100AB0004FF0FF320121184606F041FB00BF083716
:100AC000BD4680BD80B582B000AF78607868FFF722
:100AD000CEFF0346002B05DD7B685B6801211846CD
:100AE00006F056FA00BF0837BD4680BD80B58AB013
:100AF00000AF786039600123FB6000233B61012374
:100B00007B6107F108037B62164B3B620023FB61AC
:100B10000AE03A6A531C3B627B6A591C796212787C
:100B20001A70FB690133FB61FB69032BF1DD07F1EF
:100B30000803184606F062F9B861BB69002B01DAB8
:100B4000BB690AE07B68BA695A607B684FF0FF3284
:100B50001A607B683A689A60002318462837BD46B9
:100B600080BD00BF20C6000080B582B000AF7860B5
:100B70007B685B68002B04DD7B685B68184606F0C9
:100B8000B7F97B6800225A6000BF0837BD4680BDB8
:100B900080B584B000AF78600AF0D4FEF8607B685E
:100BA0001B685A1C7B681A60F8680AF0B1FE00BF27
:100BB0001037BD4680BD80B584B000AF78600AF0C4
:100BC000C1FEF8607B681B685A1E7B681A60F86873
:100BD0000AF09EFE00BF1037BD4680BD80B586B0CE
:100BE00000AF7860396001223B6802FA03F37B6151
:100BF0000AF0A8FE38617B681B687A691340FB60C5
:100C00007B681A687B691A437B681A6038690AF046
:100C10007FFEFB6818461837BD4680BD80B584B09E
:100C200000AF786039600AF08DFEF8607B681A6862
:100C300001213B6801FA03F3DB431A407B681A6029
:100C4000F8680AF065FE00BF1037BD4680BD80B56C
:100C50008AB002AFF860B9607A600122BB6802FA1C
:100C600003F3BB61FB6804331846FFF791FFFB6891
:100C7000B9681846FFF7B2FF0346002B02D10023E4
:100C8000FB6110E0FB68986807F114027B68009331
:100C900013462122B96902F0F1FBF861FB69002BD0
:100CA00000DBE4E700BFFB6804331846FFF783FF6F
:100CB000FB6918462037BD4680BD80B582B000AFC5
:100CC000786039604FF0FF3239687868FFF7BFFF0E
:100CD000034618460837BD4680BD80B584B000AFD6
:100CE0007860396001223B6802FA03F3FB607B689D
:100CF00039681846FFF792FF7B685B68002B07D0C6
:100D00007B689B68F968184602F0CCFA034600E05D
:100D10000023BB60BB6818461037BD4680BD80B558
:100D20008AB000AF7860396009233B6100237B61A2
:100D300007F10C037B62174B3B620023FB610AE067
:100D40003A6A531C3B627B6A591C796212781A70AA
:100D5000FB690133FB61FB69032BF1DD07F10C0338
:100D6000184602F0EFF9B8617B68BA699A60BB690E
:100D7000002B01DABB6909E07B6800225A607B68BE
:100D800000221A607B683A68DA6000231846283728
:100D9000BD4680BD28C6000080B584B000AF786035
:100DA0007B689B68002B02DC6FF010030EE07B6811
:100DB0009B68184602F026FAF860FB68002B01DAFF
:100DC000FB6803E07B6800229A6000231846103716
:100DD000BD4680BD80B582B000AF7860786803F012
:100DE000DDFA034618460837BD4680BD80B582B09F
:100DF00000AF786039603968786803F025FB0346F6
:100E000018460837BD4680BD80B582B000AF786017
:100E100039603968786803F034FB034618460837B0
:100E2000BD4680BD80B582B000AF7860786803F0C1
:100E30005CFB00BF0837BD4680BD80B400AF002317
:100E40001846BD465DF8047B7047F0B484B000AF2F
:100E5000F860B9607A60FC68BB68DDB27B68072B1C
:100E600012DC03E023465C1C2A461A707B685A1E7B
:100E70007A60002BF6DCFB682EE07B68013B7B6030
:100E800023465C1C2A461A70234603F00303002BFA
:100E9000F3D126462A462B461B021A432B461B0437
:100EA0001A432B461B0642EA030405E033461E1D87
:100EB0001C607B68043B7B607B68032BF6DC34465C
:100EC00006E023465C1C2A461A707B68013B7B6067
:100ED0007B68002BF5D1FB6818461037BD46F0BC87
:100EE0007047B0B485B000AFF860B9607A60FC6854
:100EF000BD6805E02A46551C23465C1C12781A7012
:100F00007B685A1E7A60002BF4DCFB6818461437A5
:100F1000BD46B0BC704790B482B000AF78607C68CA
:100F200000E001342378002BFBD17B68E31A1846DC
:100F30000837BD4690BC704790B482B000AF78606F
:100F400039607C6823465C1C3A6812781A703B68EA
:100F50005A1C3A601B78002BF4D17B68184608377E
:100F6000BD4690BC704790B484B000AFF860B960E3
:100F70007A60FC687B685A1E7A60002B01DCFB6893
:100F800015E023465C1CBA6812781A70BB685A1CBC
:100F9000BA601B78002BEDD103E023465C1C0022D5
:100FA0001A707B685A1E7A60002BF6DCFB681846C4
:100FB0001037BD4690BC704790B482B000AF7860E7
:100FC00039600DE07B685A1C7A601B7819463B68D3
:100FD0005A1C3A601B78CC1A002C01D0234609E039
:100FE0007B681B78002BEDD17B681B781A463B6829
:100FF0001B78D31A18460837BD4690BC704790B48A
:1010000082B000AF786039607C6800E001342378FA
:10101000002BFBD106E03B685A1C3A602246541C68
:101020001B7813703B681B78002BF4D100232370CE
:101030007B6818460837BD4690BC704780B400AF47
:10104000054B1B68002BCCBF01230023DBB21846E5
:10105000BD465DF8047B7047F425002080B500AFE5
:101060000AF063FC0346002B08D1FFF7E7FF0346B5
:10107000002B03D1064B1B68002B02D16FF0180325
:1010800003E0044B02221A600023184680BD00BF13
:101090001C1400201814002080B500AF0AF045FC95
:1010A0000346002B08D1FFF7C9FF0346002B03D1ED
:1010B0000A4B1B68002B02D16FF018030BE0084BA2
:1010C00000221A60054B1A68064B1B689A4201D031
:1010D0000AF070FF0023184680BD00BF1C140020DA
:1010E000181400202014002080B588B000AFF860EC
:1010F000B9607A603B600023FB61FFF79FFF034606
:10110000002B03D1304B1B68002B02D16FF018036A
:1011100056E0FFF793FF0346002B09D12A4B1B68CB
:10112000002B05D0FB68002B02D16FF0280347E0AD
:10113000FB68002B02DDFB68202B02DD6FF0110342
:101140003EE0FFF77BFF0346002B0CD11E4B1B68D4
:10115000002B08D01C4B1B689B68FA689A4202D18E
:101160006FF028032CE0FB68013B682202FB03F3CD
:10117000164A1344BB610AF0E5FB7861BB6993F83A
:101180002730002B03D16FF02903FB6105E03B689A
:101190007A68B968B8690AF0ADFD7B69002B0BD19C
:1011A000094B1A680A4B1B689A4205D0094B1B6809
:1011B000002B01D10AF0FEFE78690AF0A9FBFB6959
:1011C00018462037BD4680BD1C1400203415002071
:1011D000201400201814002080B588B000AFF860FB
:1011E000B9607A603B600023FB61FFF727FF03468D
:1011F000002B03D1304B1B68002B02D16FF018037A
:1012000056E0FFF71BFF0346002B09D12A4B1B6852
:10121000002B05D0FB68002B02D16FF0280347E0BC
:10122000FB68002B02DDFB68202B02DD6FF0110351
:101230003EE0FFF703FF0346002B0CD11E4B1B685B
:10124000002B08D01C4B1B689B68FA689A4202D19D
:101250006FF028032CE0FB68013B682202FB03F3DC
:10126000164A1344BB610AF06DFB7861BB6993F8C1
:101270002730002B03D16FF02903FB6105E03B68A9
:101280007A68B968B8690AF099FD7B69002B0BD1BF
:10129000094B1A680A4B1B689A4205D0094B1B6818
:1012A000002B01D10AF086FE78690AF031FBFB6958
:1012B00018462037BD4680BD1C1400203415002080
:1012C000201400201814002080B588B000AFF8600A
:1012D000B9607A600023FB61FFF7B0FE0346002B84
:1012E00003D13A4B1B68002B02D16FF0180369E061
:1012F000FFF7A4FE0346002B09D1344B1B68002BDB
:1013000005D0FB68002B02D16FF028035AE0FB6880
:10131000002B02DDFB68202B02DD6FF0110351E092
:10132000FFF78CFE0346002B0CD1284B1B68002BCB
:1013300008D0264B1B689B68FA689A4202D16FF06E
:1013400028033FE0FB68013B682202FB03F3204ACD
:101350001344BB61BB68002B0CDBBB68002B09DCB2
:10136000BB691A694FF48051BB6801FA03F313405B
:10137000002B02D16FF0100324E00AF0E3FA786149
:10138000BB6993F82730002B03D16FF02903FB6171
:1013900005E07A68B968B8690AF07AFDF8617B6996
:1013A000002B0BD1094B1A680A4B1B689A4205D0D7
:1013B000094B1B68002B01D10AF0FCFD78690AF08B
:1013C000A7FAFB6918462037BD4680BD1C140020D3
:1013D00034150020201400201814002080B588B097
:1013E00000AFF860B9607A600023FB61FFF726FE6A
:1013F0000346002B03D13A4B1B68002B02D16FF040
:10140000180369E0FFF71AFE0346002B09D1344B9D
:101410001B68002B05D0FB68002B02D16FF028035E
:101420005AE0FB68002B02DDFB68202B02DD6FF029
:10143000110351E0FFF702FE0346002B0CD1284BAD
:101440001B68002B08D0264B1B689B68FA689A42E1
:1014500002D16FF028033FE0FB68013B682202FBEA
:1014600003F3204A1344BB61BB68002B0CDBBB6851
:10147000002B09DCBB691A694FF48051BB6801FA83
:1014800003F31340002B02D16FF0100324E00AF0A5
:1014900059FA7861BB6993F82730002B03D16FF0BC
:1014A0002903FB6105E07A68B968B8690AF02EFD86
:1014B000F8617B69002B0BD1094B1A680A4B1B683A
:1014C0009A4205D0094B1B68002B01D10AF072FD2E
:1014D00078690AF01DFAFB6918462037BD4680BDC1
:1014E0001C140020341500202014002018140020A3
:1014F00080B483B000AF78607B687A681A607B68DC
:101500007A685A6000BF0C37BD465DF8047B7047AF
:1015100080B483B000AF78607B681B687A689A42B9
:101520000CBF01230023DBB218460C37BD465DF823
:10153000047B704780B483B000AF786039603B684B
:101540005A687B685A607B683A681A603B685B68D7
:101550007A681A603B687A685A6000BF0C37BD46EB
:101560005DF8047B704780B483B000AF78607B681F
:101570001B687A689A4209D07B685B687A6812684F
:101580001A607B681B687A6852685A6000BF0C3723
:10159000BD465DF8047B704780B485B000AF7860CD
:1015A0007B681B687A689A4201D100230BE07B6854
:1015B0001B68FB60FB681A687B681A60FB681B6825
:1015C0007A685A60FB6818461437BD465DF8047B9C
:1015D000704780B483B000AF78607B681B127B607B
:1015E0007B68002B02DD7B68082B02DD6FF01103A6
:1015F00000E0002318460C37BD465DF8047B7047B9
:1016000080B584B000AF7860114B1B68FB6015E0BB
:10161000FB68BB60BB681A7A7B681B789A420AD168
:10162000BB68083379681846FFF7C6FC0346002BF1
:1016300001D1BB6807E0FB681B68FB60FB68044ADC
:101640009342E5D1002318461037BD4680BD00BF48
:10165000A003002080B584B000AF78600F48FFF78A
:101660009BFFF860FB68002B01D1002311E0FB68B1
:101670000833092279681846FFF775FCFB68403388
:101680001846FFF735FFFB6805491846FFF752FF7C
:10169000FB6818461037BD4680BD00BFA803002078
:1016A000A003002080B582B000AF78607B68184648
:1016B000FFF759FF7B6805491846FFF73BFF7B683A
:1016C00000221A7200BF0837BD4680BDA803002063
:1016D000B0B588B000AFF860B9607A6001214F48BA
:1016E000FFF7EBFAF868FFF716FCB861BB69002B4F
:1016F00002D0BB69082B03DD6FF010037B6184E02F
:10170000BB68002B27D0BB68DB68002B03DBBB6802
:10171000DB68FF2B03DD6FF010037B6175E0BB68B6
:10172000DB68002B02DDBB690133BB61BB68DB6892
:101730000A2B02DDBB690133BB61BB68DB68642B2C
:1017400002DDBB690133BB61BB69082B03DD6FF0B0
:1017500010037B6159E000213048FFF7AEFAF868CA
:10176000FFF74EFFF861FB69002B11D1BB68002B1E
:1017700003D16FF029037B6143E0F868FFF76AFF4C
:10178000F861FB69002B03D16FF021037B6138E026
:10179000BB68002B14D0FB69BA6803F1140415462A
:1017A0000FCD0FC40FCD0FC495E8070084E80700E4
:1017B0007B68002B13D07B68194A12681A600EE010
:1017C000FB6940331846FFF7A3FE0346002B03D105
:1017D0006FF040037B6114E0F869FFF763FF0021BD
:1017E0000E48FFF77AFA01210C48FFF776FAFB69F9
:1017F0000C4A9B1ADB100C4A02FB03F301331B0259
:1018000008E000210548FFF768FA01210348FFF7C7
:1018100064FA7B6918462037BD46B0BD4C010020F4
:101820005C01002060010020398EE33880B582B071
:1018300000AF786000210848FFF73FFA7B68074A4D
:1018400012681A6000210448FFF747FA002318467F
:101850000837BD4680BD00BF4C0100205C01002060
:1018600080B485B000AF786039600DE0FB7A2F2B33
:1018700002D9FB7A392B0ED97B685A1C7A60FA7A26
:101880001A703B6801333B603B681B78FB72FB7A44
:10189000002BEBD100E000BF7B6800221A70002310
:1018A000FB60FB7A002B16D00CE0FA6813469B0015
:1018B00013445B001A46FB7A303B1344FB603B68E1
:1018C00001333B603B681B78FB72FB7A002BECD149
:1018D000FB680133FB60FB6818461437BD465DF8B2
:1018E000047B704780B588B000AFF860B9607A605B
:1018F000B968F868FFF720FB7B68002B34DD07F13F
:1019000010030B33FB61FB6900221A7002E0FB68D5
:101910000133FB60FB681B78002BF8D17B68013B2F
:101920007B607A68124B83FB02139910D317C91A94
:101930000B469B000B445B00D11ACBB2FA69013A0B
:10194000FA613033DAB2FB691A707B68084A82FBAD
:1019500003129210DB17D31A7B607B68002BE0D157
:10196000F969F868FFF74BFB00BF2037BD4680BD23
:101970006766666680B584B000AF78603960786865
:10198000FFF727FEF860FB68002B37DB00211E48BD
:10199000FFF793F97B681B121A461346DB001344CA
:1019A000DB00483B194A1344BB60BB681B7A002B21
:1019B00005D07B68DAB2BB681B6A9A4208DD6FF01B
:1019C0002903FB6000BF00210F48FFF786F916E0EE
:1019D000BB6808337A68D2B219463868FFF782FFCD
:1019E00000210948FFF779F9BB68084A9B1ADB1008
:1019F000074A02FB03F301331B0201E000BFFB684F
:101A000018461037BD4680BD4C0100206001002003
:101A1000398EE33880B588B000AF7860396007F15F
:101A2000080379681846FFF71BFFF861002120487A
:101A3000FFF743F907F108031846FFF7E1FDB86126
:101A4000BB69002B04D0BB691B6AFA699A4209DDA5
:101A50006FF029037B6100BF00211548FFF73DF9B6
:101A60007B6920E03B68002B0ED0BB69DA693B68DC
:101A70001A60BB695A6A3B685A60BB691A6A3B685C
:101A80009A603B68FA69DA6000210948FFF725F996
:101A9000BB69084A9B1ADB10074A02FB03F30133B8
:101AA0001A02FB69134418462037BD4680BD00BFAB
:101AB0004C01002060010020398EE33880B586B0EB
:101AC00000AF7860396000211F48FFF7F6F807F192
:101AD00008031A460021786800F02CFA78617B69C7
:101AE000002B27DBBB685B693B61BB689B69FB60C4
:101AF0003B68002B0ED03B69DA693B681A603B6992
:101B00005A6A3B685A603B691A6A3B689A603B684C
:101B1000FA68DA6000210C48FFF7DFF83B690B4AEE
:101B20009B1ADB100A4A02FB03F301331A02FB681B
:101B3000134405E000BF00210348FFF7CEF87B699E
:101B400018461837BD4680BD4C01002060010020BA
:101B5000398EE33880B58AB000AFF860B9607A603A
:101B6000BB68002B02DB7B68002B03DA6FF01003ED
:101B7000FB6149E000212748FFF79FF8BA687B68BE
:101B80001344BB6100233B62234B1B687B6227E04D
:101B90003A6ABB689A421DDB3A6ABB699A4219DA13
:101BA0007B6A7B617B69DA69FB681A607B695A6AC8
:101BB000FB685A607B691A6AFB689A60FB6803F1EC
:101BC0000C007B69083308221946FFF7CCF9FB6843
:101BD0001433FB603B6A01333B627B6A1B687B62A8
:101BE0007B6A0D4A9342D3D100210A48FFF775F86A
:101BF000BA683B6A9A4203DB6FF02903FB6103E09A
:101C00003A6ABB68D31A00E0FB6918462837BD461C
:101C100080BD00BF4C010020A003002080B588B02B
:101C200000AFF860B9607A60F868FFF7D2FCF8613D
:101C3000FB69002B56DBBB68002B03DA6FF0100347
:101C4000FB6150E000212A48FFF737F8FB681B12C0
:101C50001A461346DB001344DB00483B254A134475
:101C6000BB61BB691B7A002B05D0FB68DAB2BB698C
:101C70001B6A9A4208DD6FF02903FB6100BF002157
:101C80001B48FFF72AF82EE0BB69DB6B7B61BB6961
:101C90005B693B6100211648FFF71FF809F052FE0F
:101CA000154B1B68B3F9222092B2013292B212B2E4
:101CB0005A84002009F02CFE7B693A697968B8687B
:101CC0009847F86109F03EFE0B4B1B68B3F92220E0
:101CD00092B2013A92B212B25A84002009F018FE70
:101CE000FB6901E000BFFB6918462037BD4680BD97
:101CF0004C010020600100201C14002080B582B03F
:101D000000AF08233B600F48FFF7F2FB0E48FFF7D8
:101D1000EFFB0E4B7B600AE07B680B491846FFF730
:101D200009FC7B6800221A727B6848337B603B6841
:101D30005A1E3A60002BEFDC002318460837BD46D8
:101D400080BD00BFA0030020A80300206001002088
:101D500080B483B000AF00237B60054A7B681360CA
:101D60007B6818460C37BD465DF8047B704700BFA2
:101D70005C01002080B582B000AF16491648FEF71E
:101D8000CEFF78607B68002B15DBFFF7B7FF78602C
:101D90007B68002B11DB01F0D1F878607B68002BA9
:101DA0000DDBFFF7D5FF78607B68002B09DB01F0C6
:101DB00071F8002309E000BF04E000BF02E000BFAB
:101DC00000E000BF00F016F87B6818460837BD46F3
:101DD00080BD00BF30C600004C01002080B483B03D
:101DE00000AF00237B607B6818460C37BD465DF86A
:101DF000047B704780B582B000AF01F061F8FFF757
:101E0000EDFF786001F0E4F878600448FEF7C4FF65
:101E10007B6818460837BD4680BD00BF4C010020D6
:101E200080B483B000AF78607B687A681A607B68A2
:101E30007A685A6000BF0C37BD465DF8047B704776
:101E400080B483B000AF78607B681B687A689A4280
:101E50000CBF01230023DBB218460C37BD465DF8EA
:101E6000047B704780B483B000AF786039603B6812
:101E70005A687B685A607B683A681A603B685B689E
:101E80007A681A603B687A685A6000BF0C37BD46B2
:101E90005DF8047B704780B483B000AF78607B68E6
:101EA0001B687A689A4209D07B685B687A68126816
:101EB0001A607B681B687A6852685A6000BF0C37EA
:101EC000BD465DF8047B704780B485B000AF786094
:101ED0007B681B687A689A4201D100230BE07B681B
:101EE0001B68FB60FB681A687B681A60FB681B68EC
:101EF0007A685A60FB6818461437BD465DF8047B63
:101F0000704780B500AF00210848FEF7D6FE084BA9
:101F10001B68002B02D10648FFF782FF002103480F
:101F2000FEF7DBFE024B184680BD00BF4C010020CF
:101F3000000B002080B487B000AFF860B9607A6011
:101F4000FB68002B02DDFB68102B02DD6FF0110334
:101F50001EE0FB6803F18063013B9B010F4A1344C1
:101F60007B617B691B69002B02D16FF011030FE0CD
:101F7000BB68002B08D07B69DA69BB681340002B73
:101F800002D16FF01A0303E07B687A691A600023BC
:101F900018461C37BD465DF8047B7047B00300202F
:101FA00080B582B000AF786039607B681846FFF773
:101FB00072FF7B6808331846FFF76DFF3B68002B04
:101FC00004D07B6805491846FFF74CFF7B68002268
:101FD0001A6100BF0837BD4680BD00BFB0070020B2
:101FE00080B582B000AF78607B681846FFF753FF7A
:101FF0007B6805491846FFF735FF7B6800229A6029
:1020000000BF0837BD4680BDF80A002080B485B007
:1020100000AF786039607B681B6CFB6009E0FB688F
:102020009B693A689A4201D1012308E0FB681B686A
:10203000FB607B684033FA689A42F0D1002318466F
:102040001437BD465DF8047B704780B586B000AF9D
:10205000F860B9607A603B601A48FFF735FF786135
:102060007B69002B01D1002328E07A69FB684033AB
:1020700019461046FFF7F6FE7B6908333A681146A9
:102080001846FFF7EFFE7B69FA685A617B69BA6808
:102090009A617B697A68DA617B6920331846FFF7B9
:1020A000BFFE7B6900221A857B6900221A637B6967
:1020B00000225A637B6900221A617B69184618372F
:1020C000BD4680BDB007002080B48BB000AFF86083
:1020D000B9607A607B6803F00303002B02D16FF0D4
:1020E000100372E000237B617B69BB61BB69FB610C
:1020F000FB693B62FB681B6C7B6234E07B6A3B6183
:10210000BB68002B08D03B699B69002B04D03B695E
:102110009B69BA689A4223D13B69DB6903F00103EA
:10212000002B02D03B6A01333B623B69DB6903F061
:102130000203002B02D0FB690133FB613B69DB69C1
:1021400003F4A063002B02D0BB690133BB613B6980
:10215000DB6903F44073002B02D07B6901337B61A0
:102160007B6A1B687B62FB6840337A6A9A42C5D1FE
:102170007B6803F4A063002B05D03B6A002B02DDD3
:102180006FF0400321E07B6803F44073002B05D01F
:10219000FB69002B02DD6FF0400316E07B6803F063
:1021A0000103002B05D0BB69002B02DD6FF040035B
:1021B0000BE07B6803F00203002B05D07B69002B4A
:1021C00002DD6FF0400300E0002318462C37BD46C7
:1021D0005DF8047B704780B58EB000AF78603960E1
:1021E00007F10C0379681846FFF73AFBF862FFF72E
:1021F00088FEB862BB6A002B03D16FF018033B6303
:10220000ABE000215748FEF758FD07F10C031846D4
:10221000FFF7F6F978627B6A002B04D07B6A1B6AB1
:10222000FA6A9A4203DD6FF029033B6391E03A6852
:10223000F96A786AFFF748FF38633B6B002BC0F2FE
:1022400087807B6A9B6A7B637B6A5B693B62F96A16
:10225000786AFFF7DBFE0346002B07D07B6A9B6999
:1022600003F00103002B01D100237B63BB6A3A68B2
:10227000F96A786AFFF7E9FEF861FB69002B03D180
:102280006FF021033B6364E0374804F0B7FDB861A9
:10229000BB69002B03DA6FF004033B6353E0FB6977
:1022A000BA69DA6300212F48FEF717FD7B6B002B1C
:1022B0002ED009F047FB2D4B1B68B3F9222092B2B8
:1022C000013292B212B25A84002009F021FB7B6ADB
:1022D000274A9B1ADB10274A02FB03F301331A0239
:1022E000FB6AD0187B6B3A6A39689847386309F003
:1022F00029FB1E4B1B68B3F9222092B2013A92B21D
:1023000012B25A84002009F003FB3B6B002B10DB58
:1023100000211448FEF7D1FCFB6901221A6100215B
:102320001048FEF7DAFCFB69134A9B1A9B11013334
:1023300014E000BF00210B48FEF7BFFCFB69DB6B1C
:10234000184604F0D5FD0121F869FFF729FE00E0E9
:1023500000BF00210348FEF7C0FC3B6B184638372E
:10236000BD4680BD4C01002038C600001C14002072
:1023700060010020398EE338B003002090B589B0A9
:1023800000AF786000217648FEF797FC7B685B69B8
:10239000BB61BB699B6B7B61BB695B6B3B61BB6971
:1023A0005B69FB6005F000FF02467B685A637B684F
:1023B00000229A637B681B6B002B2EDD7B68DB6A37
:1023C000103BBB6009F0BEFA664B1B68B3F92220D4
:1023D00092B2013292B212B25A84002009F098FAF5
:1023E000BB68D8687B68D96A7B681A6B7C69FB68B4
:1023F000A04709F0A7FA5B4B1B68B3F9222092B201
:10240000013A92B212B25A84002009F081FA7B6834
:102410009B6B5A1C7B689A6342E07B681B6AFB617A
:1024200039E0FB69BB60BB68DB68002B2FD0BA6862
:10243000137F43F01003137709F084FA494B1B68AC
:10244000B3F9222092B2013292B212B25A84002021
:1024500009F05EFABB68D868BB6803F110017C69BB
:10246000FB680122A04709F06DFA3E4B1B68B3F9E7
:10247000222092B2013A92B212B25A84002009F09C
:1024800047FA7B689B6B5A1C7B689A6300E000BF2D
:10249000FB691B68FB617B682033FA699A42C0D1F3
:1024A00000212F48FEF719FC7B689B6B002B07DD92
:1024B0007B68DB6B4FF0FF320121184604F03FFED2
:1024C0007B6800225A6300212548FEF7F6FB37E0BF
:1024D0007B681B6ABB60BA68137F43F010031377F5
:1024E00000211F48FEF7F9FB09F02CFA1D4B1B6871
:1024F000B3F9222092B2013292B212B25A84002071
:1025000009F006FABB6803F110003C69FB684FF064
:10251000FF320121A04709F015FA124B1B68B3F9ED
:10252000222092B2013A92B212B25A84002009F0EB
:10253000EFF900210A48FEF7C0FBB868FFF750FD2D
:102540007B6820331846FFF77BFC0346002BBFD087
:1025500000210348FEF7C1FB00BF2437BD4690BDF4
:102560004C0100201C14002080B588B000AF7860BA
:1025700039600023BB617868FFF700FF002139480C
:10258000FEF79BFB7B685B697B617B689B693B61BA
:102590007B69DB6AFB617B695B69FB607B69324A53
:1025A0009B1ADB10314A02FB03F301331B023A6929
:1025B0001344BB607B68DB6B184604F099FC002178
:1025C0007868FFF7EDFC39697869FFF71FFD03466E
:1025D000002B0BD03B6823F001033B607B699B69B8
:1025E00003F00103002B01D10023FB6100211D48F2
:1025F000FEF773FBFB69002B21D009F0A3F91C4BFC
:102600001B68B3F9222092B2013292B212B25A84FC
:10261000002009F07DF9FB69FA683968B8689847C5
:10262000B86109F08FF9124B1B68B3F9222092B2FE
:10263000013A92B212B25A84002009F069F90021DD
:102640000848FEF73AFB7B680A491846FFF70AFC80
:1026500000210448FEF741FBBB6918462037BD4600
:1026600080BD00BF4C01002060010020398EE3389E
:102670001C140020B007002080B584B000AF786043
:10268000396000211248FEF718FB07F108031A46CB
:1026900000217868FFF74EFCF860FB68002B04DA35
:1026A00000210B48FEF719FB0CE0BB6800221A6101
:1026B00000210748FEF711FBBB6839681846FFF791
:1026C00053FFF860FB6818461037BD4680BD00BF59
:1026D0004C01002080B584B000AF78600B48FFF754
:1026E000F3FBF860FB68002B01D100230AE0FA68D5
:1026F0007B68203319461046FFF7B4FBFB687A6805
:102700009A60FB6818461037BD4680BDF80A002065
:1027100080B58CB000AFF860B9607A603B60002192
:102720006548FEF7CAFABB6813F5803F06DCBB6854
:10273000B3F1004F02D00023FB6206E0FB6B012BDC
:1027400001D1012300E00223FB6207F114031A46C2
:10275000F96AF868FFF7EEFBB862BB6A002BC0F2BB
:10276000A1807B695B697B627B6A1B6B3B627B6AD6
:102770005B69FB617B691846FFF7ACFFB861BB6919
:10278000002B03D16FF02103BB628CE0BB690022F8
:102790001A61BB6900225A617B6A484A9B1ADB10A6
:1027A000474A02FB03F301331A027B699B691A440F
:1027B000BB699A61FB6B1B015BB21B1159B2BA6911
:1027C000137F61F303031377BA69137F6FF3041365
:1027D0001377BB69BA681A62BB693A685A62BB6907
:1027E0007A689A62BB690022DA62BB6900221A63C6
:1027F00005F0DAFC0246BB69DA6000212E48FEF7DC
:102800006CFA09F09FF82F4B1B68B3F9222092B2A3
:10281000013292B212B25A84002009F079F8BB69F1
:1028200003F110003B6AFA69B96B9847B86209F086
:1028300089F8244B1B68B3F9222092B2013A92B274
:1028400012B25A84002009F063F800211A48FEF7FA
:1028500034FABB690022DA607B695B6B002B0CDD0C
:102860007B699A6B013A9A639B6B002B05D17B695C
:10287000DB6B0121184604F08BFBBB6A002B0CDBE1
:1028800000210D48FEF729FABB690F4A9B1A9B10DD
:102890000E4A02FB03F301330AE000BFB869FFF7F9
:1028A0009FFB00E000BF00210348FEF716FABB6A59
:1028B00018463037BD4680BD4C0100206001002025
:1028C000398EE3381C140020B8070020C54EECC434
:1028D00080B588B002AFF860B9607A603B600123D0
:1028E00001933B6A00933B687A68B968F868FFF720
:1028F0000FFF78617B6918461837BD4680BD80B5EB
:1029000088B002AFF860B9607A603B604FF0FF3387
:1029100000933B687A68B968F868FFF7D9FF786177
:102920007B69002B0FDB07F110034FF0FF320092A1
:102930003A6A7969F86800F077F878617B69002B6A
:1029400003DB3B6903E000BF00E000BF7B69184682
:102950001837BD4680BD80B588B002AFF860B96059
:102960007A603B60022301933B6A00933B687A687C
:10297000B968F868FFF7CCFE78617B6918461837AC
:10298000BD4680BD80B588B002AFF860B9607A609E
:102990003B604FF0FF3300933B687A68B968F86892
:1029A000FFF7D9FF78617B69002B0FDB07F110037C
:1029B0004FF0FF3200923A6A7969F86800F034F813
:1029C00078617B69002B03DB3B6903E000BF00E01B
:1029D00000BF7B6918461837BD4680BD80B485B0FE
:1029E00000AF786039607B68002B02DD7B68102BBC
:1029F00001DD00230FE07B68342202FB03F3343B4C
:102A0000084A1344FB60FB689B683A689A4201D00D
:102A1000002300E0FB6818461437BD465DF8047BD0
:102A2000704700BFB807002090B58FB000AFF860C6
:102A3000B9607A603B6005F0B7FB386200218E48D0
:102A4000FEF73BF907F110031A460021F868FFF77B
:102A500071FA78627B6A002BC0F202813B695B6984
:102A6000FB61FB695B6BBB61FB695B697B61BB689D
:102A7000002B42D13B691B6B002B03DC3B691B8D98
:102A8000002B03D06FF028037B62ECE03B6920331E
:102A90001846FFF7D5F90346002B03D06FF0290342
:102AA0007B62E0E03B691B6A7B630123BB627B6B5B
:102AB0003A6ADA607B6B10333B637B6B1B687B632A
:102AC0003B6920337A6B9A4208D07B6B03F110028A
:102AD0003B6B1A60BB6A0133BB62E8E700BF3B6B2C
:102AE00000221A603B691B6A10333B633B693A6BF7
:102AF000DA623B69BA6A1A6328E03B691946B8682A
:102B0000FFF76CFF78637B6B002B03D16FF0110331
:102B10007B62A8E03B691B6B002B03DC7B6BDB68F3
:102B2000002B03DD6FF028037B629CE07B6B3A6A2D
:102B3000DA607B6B10333B633B6B00221A6001232E
:102B4000BB623B691A8D013292B21A8500214A4854
:102B5000FEF7C3F808F0F6FE484B1B68B3F92220D5
:102B600092B2013292B212B25A84002008F0D0FE22
:102B7000BC697B69BA6CB96A386BA047F86208F027
:102B8000E1FE3E4B1B68B3F9222092B2013A92B2A9
:102B900012B25A84002008F0BBFEFB6A002B01DA57
:102BA000FB6A7B62FA6ABB6A9A4202DB6FF004033B
:102BB0007B6200213048FEF780F8BB68002B03D110
:102BC0003B6900221A6304E03B691A8D013A92B214
:102BD0001A853B695B6B002B2CDD3B699A6B013AD4
:102BE0009A639B6B002B25D13B69DB6B0121184657
:102BF00004F0CEF91EE03B6B103B7B63FB6A5A1E70
:102C0000FA62002B10D17B6B1D4A9B1A9B101D4A48
:102C100002FB03F30133BB603B6BDA697B681A602C
:102C20003B6B1A6A3B681A607B6B0022DA603B6B75
:102C30001B683B633B6B002BDDD17B6A002B11DBF8
:102C4000BB68342202FB03F3343B0D4A134418469D
:102C5000FFF7C6F900210848FEF73FF8BB6807E018
:102C600000BF00E000BF00210348FEF736F87B6A92
:102C700018463C37BD4690BD4C0100201C14002076
:102C8000B8070020C54EECC480B588B000AF7860AE
:102C900039600023BB61244B1B68FB613AE0FB6990
:102CA0007B617B69DB6903F0F003102B0CBF012310
:102CB0000023DBB23B613A683B699A4226D17B69CB
:102CC000DB6BFB6008F03EFE184B1B68B3F922205B
:102CD00092B2013292B212B25A84002008F018FE69
:102CE0007B695A69FB68002178689847B86108F0E9
:102CF00029FE0E4B1B68B3F9222092B2013A92B220
:102D000012B25A84002008F003FE00E000BFFB6905
:102D10001B68FB61FB69044A9342C0D1BB6918463A
:102D20002037BD4680BD00BFA00300201C1400203A
:102D300080B582B000AF01211548FDF7BEFF00212C
:102D40004FF0FF30FFF7A0FF786001214FF0FF3018
:102D5000FFF79AFF786000210D48FDF7AEFF0021D4
:102D60000B48FDF7BAFF01216FF00100FFF78CFF60
:102D7000786000216FF00100FFF786FF7860012185
:102D80000348FDF7AAFF7B6818460837BD4680BD9B
:102D90004C01002080B586B000AF786000237B61D5
:102DA000FFF7AFF8F860FB68002B03D16FF0180352
:102DB0003B6166E000213548FDF77FFF7B6803F04B
:102DC0000F03013B032B3FD801A252F823F000BFB1
:102DD000E12D0000012E00002B2E0000512E0000DE
:102DE0002B4B1B68002B08DD7B6803F40043002B92
:102DF00003D16FF040033B613DE001237B612AE09A
:102E0000234B1B686FF00042934203D16FF02A03FB
:102E10003B6130E01E4B1B6801331D4A1360FB68A9
:102E20009B685A1CFB689A6015E0FB689B68002B46
:102E300010DDFB689B685A1EFB689A60144B1B6888
:102E4000013B134A136005E06FF010033B6112E091
:102E500000BF00E000BF00210C48FDF73EFF7B698A
:102E6000002B05D0FFF764FF38613B69002B07DBBF
:102E7000074B1B6806E000210448FDF72EFF00E029
:102E800000BF3B6918461837BD4680BD4C01002085
:102E9000E825002080B500AF00210748FDF70DFFB1
:102EA0000648FEF7BDFF054B00229A60002102484C
:102EB000FDF713FF00BF80BD4C010020000B002078
:102EC00080B582B000AF1A4B1B68002B2CD00021BC
:102ED0001848FDF7F2FE184B1A68154B9B68D31A79
:102EE000154A1360124B00229A6012E0104B1B68C7
:102EF000083B7B607B6800221A6100210D48FDF7CA
:102F0000ECFE00217868FFF72FFB00210948FDF750
:102F1000D4FE0748FEF794FF0346002BE6D00021BD
:102F20000448FDF7DAFE00E000BF0837BD4680BD6B
:102F3000000B00204C010020E825002080B582B065
:102F400000AF1F48FEF76CFF00237B6011E01D4AB5
:102F50007B689B011344103300221A607B689B013D
:102F6000184A134416491846FEF77CFF7B68013364
:102F70007B607B680F2BEADD1348FEF751FF0023CF
:102F80007B6015E0114A7B68342101FB03F3134495
:102F9000083300221A607B68342202FB03F30B4AD9
:102FA000134409491846FEF75DFF7B6801337B60D7
:102FB0007B680F2BE6DD002318460837BD4680BD31
:102FC000B0070020B0030020F80A0020B807002056
:102FD00080B400AF00231846BD465DF8047B7047FF
:102FE00080B483B000AF78607B687A681A607B68D1
:102FF0007A685A6000BF0C37BD465DF8047B7047A5
:1030000080B483B000AF78607B681B687A689A42AE
:103010000CBF01230023DBB218460C37BD465DF818
:10302000047B704780B483B000AF786039603B6840
:103030005A687B685A607B683A681A603B685B68CC
:103040007A681A603B687A685A6000BF0C37BD46E0
:103050005DF8047B704780B485B000AF78607B6812
:103060001B687A689A4201D100230BE07B681B68D9
:10307000FB60FB681A687B681A60FB681B687A68EB
:103080005A60FB6818461437BD465DF8047B7047EC
:1030900080B400AF054B1B68002BCCBF012300237D
:1030A000DBB21846BD465DF8047B7047F42500206E
:1030B00080B485B000AFF860B9607A607B6803F0D7
:1030C0000103002B09D0FB685A69BB681340002B31
:1030D00014BF01230023DBB209E0FB685A69BB6817
:1030E0001340BA689A420CBF01230023DBB2184692
:1030F0001437BD465DF8047B704780B582B000AFE1
:103100000D48FFF76DFF0D4B3B600D4B7B600AE0F8
:103110007B6800229A607B6807491846FFF782FFA8
:103120007B6818337B607A683B689A42F0D300234F
:1031300018460837BD4680BD8C0C00208C0C002042
:103140000C0B002080B588B000AF78600923BB610C
:103150007B685A68BB69DB431340002B02D06FF0D9
:103160000A033EE008F0EEFB78612048FFF773FFAA
:1031700038613B69002B03D16FF02103FB611DE037
:103180003B691B4A9B1ADB101A4A02FB03F301330B
:10319000FB603B691846FFF723FF3B69FA689A60BA
:1031A0007B681A683B69DA607B685A683B691A6118
:1031B0007B689A683B695A61FB68FB617B69002BFD
:1031C0000BD10D4B1A680D4B1B689A4205D00C4B66
:1031D0001B68002B01D108F0EDFE786908F098FB20
:1031E000FB6918462037BD4680BD00BF8C0C00200F
:1031F0000C0B0020ABAAAAAA1C140020201400204B
:103200001814002080B586B000AF786000237B6181
:103210007B68002B02DD7B68102B02DD6FF0110351
:1032200032E07B685A1E13465B001344DB00184AE9
:1032300013443B6108F086FBF8603B699B68002BF8
:1032400003D16FF029037B610BE03B69184606F060
:1032500041FF3B690F491846FFF7E4FE3B69002236
:103260009A60FB68002B0BD10B4B1A680B4B1B6849
:103270009A4205D00A4B1B68002B01D108F09AFE38
:10328000F86808F045FB7B6918461837BD4680BDD5
:103290000C0B00208C0C00201C140020201400209B
:1032A0001814002080B58AB000AF78603960002320
:1032B0003B627B68002B02DD7B68102B02DD6FF028
:1032C00011036AE07B685A1E13465B001344DB005F
:1032D000344A1344FB6108F035FBB861FB699B6815
:1032E000002B03D16FF029033B6243E0FB695A696D
:1032F0003B681A43FB695A61FB691B687B6233E0D8
:103300007B6A7B617B6A1B687B627B691B6C3B61B0
:103310007B695B6CFB60FA683969F869FFF7C8FE86
:103320000346002B20D07B699B6CFA6952691A60B6
:10333000786906F01AFEFB6803F02003002B0AD020
:10334000FB695A693B69DB431A40FB695A61FB69B7
:103350005B69002B0DD0FB6803F01003002B03D03A
:10336000FB6900225A6105E0FB697A6A9A42C7D17B
:1033700000E000BFBB69002B0BD10B4B1A680B4B55
:103380001B689A4205D00A4B1B68002B01D108F03C
:1033900011FEB86908F0BCFA3B6A18462837BD46EA
:1033A00080BD00BF0C0B00201C1400202014002046
:1033B0001814002080B586B000AF78603960002313
:1033C0007B617B68002B02DD7B68102B02DD6FF0D8
:1033D00011032CE07B685A1E13465B001344DB008C
:1033E000154A13443B6108F0ADFAF8603B699B68ED
:1033F000002B03D16FF029037B6105E03B695A691B
:103400003B681A403B695A61FB68002B0BD10B4BA0
:103410001A680B4B1B689A4205D00A4B1B68002B9D
:1034200001D108F0C7FDF86808F072FA7B69184608
:103430001837BD4680BD00BF0C0B00201C140020B7
:10344000201400201814002080B584B000AF7860EC
:1034500039607B681B6B5A1E13465B001344DB000C
:10346000054A1344FB607968F86806F097FE00BFD0
:103470001037BD4680BD00BF0C0B002080B588B062
:1034800000AFF860B9607A603B6000237B61FB6845
:10349000002B02DDFB68102B02DD6FF01103A3E0AF
:1034A000BB68002B02D16FF010039DE07B6823F016
:1034B0003103002B02D06FF0100395E0BB6AB3F12B
:1034C000FF3F02DA6FF010038EE0494B1B68002BC0
:1034D0000DD1FFF7DDFD0346002B08D1454B1B68DE
:1034E000002B04D008F021FA0346002B02D06FF025
:1034F000180379E0FB685A1E13465B001344DB0097
:103500003D4A1344FB6108F01DFAB861FB699B68F2
:10351000002B03D16FF029037B6152E0FB691B692B
:1035200003F00803002B0AD1FB691846FFF768FD7A
:103530000346002B03D16FF028037B6141E07A68DA
:10354000B968F869FFF7B4FD0346002B18D0FB6992
:103550005A693B681A607B6803F02003002B06D091
:10356000FB695A69BB68DB431A40FB695A617B6897
:1035700003F01003002B24D0FB6900225A6120E0E5
:10358000FB691B6903F00103002B01D01B4A00E01B
:103590001B4A184B1B68DA62164B1B6807F11402B2
:1035A000DA63144B1B68BA681A64124B1B687A689A
:1035B0005A64104B1B683A689A64B96AF86906F055
:1035C000B7FDBB69002B0BD10A4B1A680D4B1B686A
:1035D0009A4205D0064B1B68002B01D108F0EAFC8B
:1035E000B86908F095F97B6918462037BD4680BD5B
:1035F000181400201C1400200C0B002054C60000DE
:1036000048C600002014002080B586B000AF786066
:10361000396000237B617B68002B02DD7B68102B07
:1036200002DD6FF0110335E07B685A1E13465B0024
:103630001344DB00194A13443B6108F083F9F86036
:103640003B699B68002B03D16FF029037B610EE07F
:103650003B69DA683B681A603B69184606F055FD1D
:1036600002463B685A603B695A693B689A60FB684E
:10367000002B0BD10A4B1A680A4B1B689A4205D0E3
:10368000094B1B68002B01D108F094FCF86808F086
:103690003FF97B6918461837BD4680BD0C0B0020EA
:1036A0001C140020201400201814002080B586B0BF
:1036B00000AF786039607B682F2B02D96FF0100360
:1036C00033E03B68002B0FD03B681B6823F00103FD
:1036D000002B02D06FF00A0327E03B681B687B6178
:1036E0003B685B683B6103E000237B6100233B6137
:1036F00008F028F9F8607B683A697969184608F09B
:1037000095FDB860FB68002B0BD10A4B1A680A4B79
:103710001B689A4205D0094B1B68002B01D108F0A9
:1037200049FCF86808F0F4F8BB6818461837BD463D
:1037300080BD00BF1C14002020140020181400209D
:1037400080B500AF08F0A2FD00BF80BD80B483B09B
:1037500000AF78607B687A681A607B687A685A6024
:1037600000BF0C37BD465DF8047B704780B483B062
:1037700000AF78607B681B687A689A420CBF0123AF
:103780000023DBB218460C37BD465DF8047B70475A
:1037900080B483B000AF786039603B685A687B685A
:1037A0005A607B683A681A603B685B687A681A609E
:1037B0003B687A685A6000BF0C37BD465DF8047BF1
:1037C000704780B483B000AF78607B681B687A680C
:1037D0009A4209D07B685B687A6812681A607B68D5
:1037E0001B687A6852685A6000BF0C37BD465DF8A6
:1037F000047B704780B485B000AF78607B681B683D
:103800007A689A4201D100230BE07B681B68FB6059
:10381000FB681A687B681A60FB681B687A685A60E4
:10382000FB6818461437BD465DF8047B704780B4CA
:1038300083B000AF786039600BE001223B689A40AA
:103840007B681340002B01D03B6806E03B680133E6
:103850003B603B681F2BF0DD202318460C37BD462C
:103860005DF8047B704780B483B000AF78607B68FC
:10387000D3F80C31002B03D07B68D3F80C3105E072
:103880007B681B687A68DB0013445B6818460C375A
:10389000BD465DF8047B704780B584B000AF7860AA
:1038A00039603B6893F82630FB6038687A68FB68BB
:1038B000DB0013445B681946FFF76AFF7B68D3F8A7
:1038C00008210121FB6801FA03F31A437B68C3F85E
:1038D00008213B6893F8283003F00203DBB2002B89
:1038E00003D07B683A68C3F80C217B681B68FA68D0
:1038F0009A4202DA7B68FA681A6000BF1037BD4648
:1039000080BD80B584B000AF786039603B6893F8C3
:103910002630FB607B68D3F80C313A689A4203D1B9
:103920007B680022C3F80C213B681846FFF749FF6B
:103930003B6893F8283003F00103DBB2002B07D07B
:103940003A6892F828306FF3000382F8283029E0B3
:10395000FB68DB007A68134404331846FFF706FF60
:103960000346002B1BD07B68D3F808210121FB689C
:1039700001FA03F3DB431A407B68C3F808217B6834
:103980001B68FA689A420CD17B68D3F80831F96851
:103990001846FFF74CFF02467B681A6002E000BF42
:1039A00000E000BF1037BD4680BD80B584B000AFD9
:1039B000786007F0C7FFB8602C4B1B6893F828307D
:1039C000C3F34003DBB2FB60FB68002B33D17B68A1
:1039D0001B68002B13D17B681846FFF7B7FE012345
:1039E000FB60224B1A6892F8283043F0020382F8F9
:1039F00028301E4B1B681E4AC2F80C311BE01B4BC3
:103A00001B6819461A48FFF77CFF184B1A6892F892
:103A1000283043F0010382F82830144B1B681A4603
:103A20007B6819461046FFF7B3FE1148FFF71BFFEE
:103A30000346104A1360BB68002B0BD10B4B1A686E
:103A40000C4B1B689A4205D00B4B1B68002B01D115
:103A500008F0B0FAB86807F05BFFFB68002B00D1F4
:103A6000A7E700BF1037BD4680BD00BF1C14002073
:103A700024140020201400201814002080B584B0E5
:103A800000AF786007F05EFFF860234B1A6892F889
:103A900028306FF3410382F82830204B0022C3F80E
:103AA0000C217B681846FFF7A5FEB860BB68002BA9
:103AB00003D17B6800221A6011E0BA6892F82830BE
:103AC0006FF3000382F82830BA6892F8283043F088
:103AD000020382F82830B9681048FFF7DDFE0F486E
:103AE000FFF7C1FE03460E4A1360FB68002B0BD1A3
:103AF000094B1A680A4B1B689A4205D0094B1B6890
:103B0000002B01D108F056FAF86807F001FF00BF5A
:103B10001037BD4680BD00BF1C14002024140020B7
:103B2000201400201814002080B483B000AF786007
:103B30007B687A681A607B687A685A6000BF0C37C5
:103B4000BD465DF8047B704780B483B000AF7860F9
:103B50007B681B687A689A420CBF01230023DBB2A2
:103B600018460C37BD465DF8047B704780B483B0BF
:103B700000AF786039603B685A687B685A607B6840
:103B80003A681A603B685B687A681A603B687A68D2
:103B90005A6000BF0C37BD465DF8047B704780B4A7
:103BA00085B000AF78607B681B687A689A4201D163
:103BB00000230BE07B681B68FB60FB681A687B686E
:103BC0001A60FB681B687A685A60FB6818461437ED
:103BD000BD465DF8047B704780B400AF054B1B68A1
:103BE000002BCCBF01230023DBB21846BD465DF895
:103BF000047B7047F425002080B485B000AF786066
:103C000039603B68FB6007E0BB685A687B685B68AB
:103C10009A4208DCBB68FB60FB681B68BB60BB6842
:103C2000002BF1D100E000BF7B68BA681A60FB6826
:103C30007A681A6000BF1437BD465DF8047B704790
:103C400080B582B000AF0E48FFF76EFF0D4B3B60B2
:103C50000D4B7B600AE07B6800229A607B68084914
:103C60001846FFF783FF7B681C337B607A683B68EC
:103C70009A42F0D3002318460837BD4680BD00BFE6
:103C8000740D0020740D0020940C002080B588B0C5
:103C900000AF78600323BB617B685A68BB69DB4374
:103CA0001340002B02D06FF00A033DE007F04AFEFC
:103CB00078611F48FFF773FF38613B69002B03D120
:103CC0006FF02103FB611CE03B691A4A9B1A9B10B1
:103CD000194A02FB03F30133FB603B691846FFF707
:103CE00023FF3B69FA689A607B681A683B69DA606F
:103CF0007B685A683B691A613B6900225A61FB681C
:103D0000FB617B69002B0BD10C4B1A680C4B1B68B9
:103D10009A4205D00B4B1B68002B01D108F04AF9E1
:103D2000786907F0F5FDFB6918462037BD4680BD70
:103D3000740D0020940C0020B76DDBB61C1400201D
:103D4000201400201814002080B586B000AF7860E1
:103D500000237B617B68002B02DD7B68082B02DD82
:103D60006FF0110332E07B685A1E1346DB009B1A8A
:103D70009B00184A13443B6107F0E4FDF8603B697F
:103D80009B68002B03D16FF029037B610BE03B693B
:103D9000184606F09FF93B690F491846FFF7E6FE03
:103DA0003B6900229A60FB68002B0BD10B4B1A6811
:103DB0000B4B1B689A4205D00A4B1B68002B01D1A4
:103DC00008F0F8F8F86807F0A3FD7B691846183783
:103DD000BD4680BD940C0020740D00201C140020F2
:103DE000201400201814002080B586B000AF786041
:103DF000396000237B617B68002B02DD7B68082B28
:103E000002DD6FF0110365E07B685A1E1346DB008C
:103E10009B1A9B00314A13443B6107F093FDF86005
:103E20003B699B68002B03D16FF029037B613EE067
:103E30003B691B6903F00203002B07D03B685B68FA
:103E4000002B03DC6FF010037B6130E03B69184608
:103E5000FFF77AFE0346002B0AD13B691B68BB6063
:103E6000BB681B6C3A681A60B86806F07EF81EE002
:103E70003B691B6903F00203002B06D03B69143336
:103E800019463868FFF7B8FE11E03B6800221A6057
:103E90003B695B69002B03D13B693A685A6103E0D7
:103EA0003B699B693A681A603B693A689A61FB68AA
:103EB000002B0BD10A4B1A680A4B1B689A4205D09B
:103EC000094B1B68002B01D108F074F8F86807F063
:103ED0001FFD7B6918461837BD4680BD940C002035
:103EE0001C140020201400201814002080B584B079
:103EF00000AF786039607B681B6B5A1E1346DB008D
:103F00009B1A9B00054A1344FB607968F86806F029
:103F100045F900BF1037BD4680BD00BF940C00209E
:103F200080B588B000AFF860B9607A6000237B612B
:103F3000FB68002B02DDFB68082B02DD6FF011032C
:103F400069E07B68B3F1FF3F02DA6FF0100362E0D3
:103F5000334B1B68002B0DD1FFF73EFE0346002BB1
:103F600008D1304B1B68002B04D007F0DEFC034661
:103F7000002B02D06FF018034DE0FB685A1E134669
:103F8000DB009B1A9B00284A1344FB6107F0DAFC14
:103F9000B861FB699B68002B03D16FF029037B613B
:103FA00026E0FB695B69002B09D0FB695A69BB6895
:103FB0001A60BB681B681A68FB695A6118E0FB69E4
:103FC0001B6903F00103002B01D0184A00E0184AD6
:103FD000144B1B68DA62134B1B6807F11402DA6397
:103FE000104B1B68BA681A647968F86906F0A0F883
:103FF000BB69002B0BD10B4B1A680E4B1B689A4206
:1040000005D0074B1B68002B01D107F0D3FFB8691F
:1040100007F07EFC7B6918462037BD4680BD00BF97
:10402000181400201C140020940C00206CC6000002
:1040300060C600002014002080B586B000AF786014
:10404000396000237B617B68002B02DD7B68082BD5
:1040500002DD6FF0110335E07B685A1E1346DB006A
:104060009B1A9B00194A13443B6107F06BFCF860F4
:104070003B699B68002B03D16FF029037B610EE045
:104080003B69DA683B681A603B69184606F03DF800
:1040900002463B685A603B695A693B689A60FB6814
:1040A000002B0BD10A4B1A680A4B1B689A4205D0A9
:1040B000094B1B68002B01D107F07CFFF86807F063
:1040C00027FC7B6918461837BD4680BD940C00203C
:1040D0001C140020201400201814002080B483B089
:1040E00000AF78607B687A681A607B687A685A608B
:1040F00000BF0C37BD465DF8047B704780B483B0C9
:1041000000AF786039603B685A687B685A607B68AA
:104110003A681A603B685B687A681A603B687A683C
:104120005A6000BF0C37BD465DF8047B704780B411
:1041300083B000AF78607B681B687A689A4209D0C8
:104140007B685B687A6812681A607B681B687A68AB
:1041500052685A6000BF0C37BD465DF8047B70475B
:1041600080B485B000AF786039607B680C33FB6049
:104170007B681B68002B00DA03339B101A463B68F0
:1041800093422BDD0023BB6010E0FB6808335B68C3
:10419000BB60BA683B689A4208DCBA683B689A42DE
:1041A00002DAFB681B6824E0FB6822E0FB685B68BE
:1041B000FB607B680C33FA689A42E6D1BA683B68C8
:1041C0009A4202DBFB681B6813E0FB6811E0FB68A6
:1041D00008335B681A463B68934208DDFB681B683E
:1041E000FB607B680C33FA689A42F0D100E000BFB4
:1041F000FB6818461437BD465DF8047B704780B5F0
:1042000084B000AF786039603B681A683B68083357
:10421000D31AFB60F9687868FFF7A2FFB8603B68C3
:104220005B6823F001031A463B685A607B680C33D5
:10423000BA689A4227D0BB6808335B681A46FB68A5
:10424000934220D1BB6803F108023B681033126827
:104250001A60BB6808333A6810321A603B68103342
:10426000BA6808325A603B6810331B68002B05D0CF
:104270003B6810331B683A6810325A603B68083359
:1042800000221A600EE03B680833B9681846FFF751
:1042900035FF3B68103300221A603B681033FA6820
:1042A0005A6000BF00BF1037BD4680BD80B582B0E8
:1042B00000AF78607B681B68002B15D17B6803F129
:1042C00008027B6808335B6812681A607B680833F1
:1042D0001B68002B20D07B6803F108027B68083341
:1042E0001B6852685A6017E07B6808331B68002B14
:1042F0000FD07B6808331B68083B79681846FFF7C6
:10430000FDFE7B6803F108027B6808331B68526876
:104310005A607868FFF70BFF00BF0837BD4680BDC5
:1043200080B483B000AF786039603B687A685A60C7
:104330007B681A683B681A607B681B685B6803F0DF
:1043400001023B681A437B681B685A607B683A68C5
:104350001A6000BF0C37BD465DF8047B704780B41F
:1043600083B000AF78607B685B6823F001031A4676
:104370007B681B6813607B681B685B6803F0010245
:104380007B685B6823F001031A437B681B685A60F3
:1043900000BF0C37BD465DF8047B704780B586B022
:1043A00000AF78607B68002B01DC002345E07B6870
:1043B0000F2B02D810237B6004E07B68073323F0C7
:1043C00007037B6007F0BEFA38611E4B1B687968F3
:1043D0001846FFF7C5FE78611A4B1B680C337A69E3
:1043E0009A4202D100237B6123E07869FFF75EFFE8
:1043F0007B69083BFB607B6908335B681A467B6816
:10440000D31A172B0ED97B680833FA681344BB60A4
:10441000B968F868FFF784FF0A4B1B68B96818464B
:10442000FFF7EDFEFB685B6843F001031A46FB688B
:104430005A60386907F06CFA7B6918461837BD4630
:1044400080BD00BF7C0D002080B584B000AF7860D7
:1044500039607B683A6802FB03F3FB60F868FFF79A
:104460009DFFB860BB68002B01D1002305E0FA680E
:104470000021B868FCF7E9FCBB6818461037BD4658
:1044800080BD80B586B000AF786039603B68002B96
:1044900008D03868FFF782FF78617B69002B03D171
:1044A00000231EE000237B617B68002B18D07B6912
:1044B000002B12D07B68083B3B613B691A683B6963
:1044C0000833D31AFB603A68FB689342A8BF1346CF
:1044D0001A4679687869FCF704FD786800F005F8F9
:1044E0007B6918461837BD4680BD80B584B000AFE3
:1044F000786007F027FAB8607B68083BFB60FB68D0
:104500005B6823F001031A46FB685A60FB681B686E
:104510005B6803F00103002B0AD1FB681B680833BA
:104520001846FFF7C3FEFB681B681846FFF717FF26
:10453000FB685B685B6803F00103002B0CD1FB6830
:104540005B68FB60FB6808331846FFF7AFFEFB684B
:104550001B681846FFF703FF064B1B68F9681846EF
:10456000FFF74DFEB86807F0D3F900BF1037BD461E
:1045700080BD00BF7C0D002080B500AF064B1B68DE
:1045800004331846FFF7AAFD034B1B680C3318468B
:10459000FFF7A4FD00BF80BD7C0D002080B582B078
:1045A00000AF2E4B1B68033323F003031A462B4B3B
:1045B0001A602A4B1B682A4A1360284B1B68143365
:1045C0001A46264B1A60254B1B68073323F0070356
:1045D0001A46224B1A60214B1B687B60214B1B68DB
:1045E0001A461E4B1B68D31AA3F110021C4B1B6802
:1045F0001A601C4B1B68194A1360FFF7BDFF184B6C
:104600001B681B6808337A6813443B60144B1B68B3
:10461000043339681846FFF783FE114B1B680433D7
:1046200079681846FFF77CFE3B685B6843F001033E
:104630001A463B685A600A4B1B689B6843F00102AC
:10464000074B1B689A60064B1B6879681846FFF792
:10465000D6FD002318460837BD4680BDF82500204A
:104660007C0D0020FC25002080B483B000AF786072
:104670007B687A681A607B687A685A6000BF0C377A
:10468000BD465DF8047B704780B483B000AF7860AE
:104690007B681B687A689A420CBF01230023DBB257
:1046A00018460C37BD465DF8047B704780B483B074
:1046B00000AF786039603B685A687B685A607B68F5
:1046C0003A681A603B685B687A681A603B687A6887
:1046D0005A6000BF0C37BD465DF8047B704780B45C
:1046E00085B000AF78607B681B687A689A4201D118
:1046F00000230BE07B681B68FB60FB681A687B6823
:104700001A60FB681B687A685A60FB6818461437A1
:10471000BD465DF8047B704780B400AF054B1B6855
:10472000002BCCBF01230023DBB21846BD465DF849
:10473000047B7047F425002080B483B000AF78601C
:104740007B6800221A6000BF0C37BD465DF8047B11
:10475000704780B483B000AF78607B685B6A7A682A
:10476000D269134418460C37BD465DF8047B704788
:1047700080B582B000AF1048FFF776FF0F4B3B606B
:104780000F4B7B600FE07B6800229A607B683033C0
:104790001846FFF7D1FF7B6807491846FFF786FFE9
:1047A0007B6838337B607A683B689A42EBD300239E
:1047B00018460837BD4680BD400F0020400F00203E
:1047C000800D002080B588B000AF786040F22133C2
:1047D000BB617B685A68BB69DB431340002B02D086
:1047E0006FF00A039DE07B689B68002B02DC6FF092
:1047F000100396E07B68DB68002B02DC6FF010038F
:104800008FE04A4B1B68002B0DD1FFF785FF034655
:10481000002B08D1464B1B68002B04D007F085F80D
:104820000346002B02D06FF018037AE07B68DB6848
:10483000033323F003037B617B689A687B6902FB87
:1048400003F33B617B685B6803F02003002B0BD014
:104850007B68DB687A699A4202D06FF0100360E0EF
:104860007B681B69FB6109E03869FFF797FDF86118
:10487000FB69002B02D16FF0200352E007F062F8D1
:104880002C48FFF72CFFF860002007F041F8FB6888
:10489000002B0BD17B685B6803F02003002B02D157
:1048A000F869FFF722FE6FF021033AE0FB6830332E
:1048B0001846FFF77AF8FB681F4A9B1ADB101F4A5D
:1048C00002FB03F30133BB60FB681846FFF7CCFE25
:1048D0007B681A68FB68DA607B685A68FB681A6153
:1048E0007B689A68FB681A62FB681A6AFB685A61FF
:1048F000FB687A699A61FB683A69DA61FB68FA6970
:104900005A62FB685A6AFB689A62FB680022DA62A4
:10491000FB68BA689A60FB6830331846FFF7AEF858
:10492000BB6818462037BD4680BD00BF1814002064
:104930001C140020400F0020800D0020B76DDBB656
:1049400080B586B000AF786000237B6100233B61B7
:104950000023FB607B68002B02DD7B68082B02DDF7
:104960006FF0110352E02B4B1B68002B0DD1FFF7AA
:10497000D3FE0346002B08D1274B1B68002B04D025
:1049800006F0D3FF0346002B02D06FF018033DE082
:104990007B685A1E1346DB009B1ADB001F4A134438
:1049A000BB60BB6830331846FEF7FFFFBB689B68EF
:1049B000002B03D16FF02903FB6016E006F0C2FF65
:1049C000BB685B6A7B61BB681B693B61BB6818465F
:1049D00005F080FBBB6812491846FFF767FEBB680D
:1049E00000229A60002006F093FFBB68303318461F
:1049F000FFF744F87B69002B07D03B6903F02003E5
:104A0000002B02D17869FFF770FDFB681846183754
:104A1000BD4680BD181400201C140020800D00200D
:104A2000400F002080B584B000AF786039607B68AB
:104A30001B6B5A1E1346DB009B1ADB00054A13440E
:104A4000FB607968F86805F0A9FB00BF1037BD4628
:104A500080BD00BF800D002080B588B000AFF86039
:104A6000B9607A6000233B61FB68002B02DDFB68C4
:104A7000082B02DD6FF0110390E07B68B3F1FF3F7C
:104A800002DA6FF0100389E0464B1B68002B0DD152
:104A9000FFF742FE0346002B08D1434B1B68002B57
:104AA00004D006F042FF0346002B02D06FF018033B
:104AB00074E0FB685A1E1346DB009B1ADB003B4A7E
:104AC0001344FB61FB6930331846FEF76EFFFB6948
:104AD0009B68002B03D16FF029033B6122E0FB6947
:104AE0001B6A002B25DDFB69DB6A002B0AD0FB6902
:104AF000DB6ABB61BB691A68FB69DA62BB68BA69C9
:104B00001A600AE0FB699A6ABB681A60FB699B6AD3
:104B1000FA6992691A44FB699A62FB691B6A5A1E18
:104B2000FB691A62FB6930331846FEF7A7FF3B6941
:104B300034E000BF06F006FF7861FB691B6903F0F3
:104B40000103002B01D01A4A00E01A4A164B1B68D9
:104B5000DA62154B1B6807F11002DA63124B1B680F
:104B6000BA681A647968F86905F0E2FAFB693033CB
:104B70001846FEF783FF7B69002B0BD10A4B1A689E
:104B80000D4B1B689A4205D0064B1B68002B01D1C8
:104B900007F010FA786906F0BBFE3B69184620372B
:104BA000BD4680BD181400201C140020800D00207C
:104BB00084C6000078C600002014002080B586B0AE
:104BC00000AF7860396000237B617B68002B02DDD9
:104BD0007B68082B02DD6FF0110375E03C4B1B680E
:104BE000002B0DD1FFF798FD0346002B08D1394B60
:104BF0001B68002B04D006F098FE0346002B02D061
:104C00006FF0180360E07B685A1E1346DB009B1AA6
:104C1000DB00314A13443B613B6930331846FEF7F1
:104C2000C4FE3B699B68002B03D16FF029037B61B5
:104C300044E03B695B6A3A689A4213D33869FFF7EC
:104C400088FD02463B6893420CD23B695B6A3A6836
:104C5000D31A3A69926993FBF2F101FB02F29B1AB3
:104C6000002B03D06FF010037B6127E006F06AFE93
:104C70003B691846FFF708FD0346002B0DD13B6941
:104C80001B68BB60BB681B6C3A681A60B86805F0AB
:104C90006CF9002006F03CFE10E0002006F038FE23
:104CA0003B68FB603B69DA6AFB681A603B69FA683B
:104CB000DA623B691B6A5A1C3B691A623B693033F2
:104CC0001846FEF7DBFE7B6918461837BD4680BDE7
:104CD000181400201C140020800D002080B584B022
:104CE00000AF786039600023FB607B68002B02DD39
:104CF0007B68082B02DD6FF0110344E0244B1B6836
:104D0000002B0DD1FFF708FD0346002B08D1214BE6
:104D10001B68002B04D006F008FE0346002B02D0CF
:104D20006FF018032FE07B685A1E1346DB009B1AB6
:104D3000DB00194A1344BB60BB6830331846FEF7EA
:104D400034FEBB689B68002B03D16FF02903FB6026
:104D500013E006F0F7FDBB68184605F0D6F90246E9
:104D60003B685A60002006F0D3FDBB68DA683B68F8
:104D70001A60BB681A6A3B689A60BB683033184691
:104D8000FEF77CFEFB6818461037BD4680BD00BFAD
:104D9000181400201C140020800D002080B483B063
:104DA00000AF78607B687A681A607B687A685A60BE
:104DB00000BF0C37BD465DF8047B704780B483B0FC
:104DC00000AF78607B681B687A689A420CBF012349
:104DD0000023DBB218460C37BD465DF8047B7047F4
:104DE00080B483B000AF786039603B685A687B68F4
:104DF0005A607B683A681A603B685B687A681A6038
:104E00003B687A685A6000BF0C37BD465DF8047B8A
:104E1000704780B485B000AF78607B681B687A68A3
:104E20009A4201D100230BE07B681B68FB60FB68A2
:104E30001A687B681A60FB681B687A685A60FB68AE
:104E400018461437BD465DF8047B704780B400AF48
:104E5000054B1B68002BCCBF01230023DBB2184697
:104E6000BD465DF8047B7047F425002080B483B014
:104E700000AF78607B680F2B01DC10237B607B68C0
:104E8000073323F0070318460C37BD465DF8047B53
:104E9000704780B582B000AF78607B6820331846D9
:104EA000FFF78CFF0346002B01D0002303E07B6853
:104EB0005B6A08335B6818460837BD4680BD80B51D
:104EC00082B000AF0D48FFF769FF0D4B3B600D4B03
:104ED0007B600AE07B6800229A607B68074918467D
:104EE000FFF77EFF7B6834337B607A683B689A42C9
:104EF000F0D3002318460837BD4680BD18100020A7
:104F000018100020480F002080B588B000AF7860EE
:104F100039607B6814337B617B6818333A689A4246
:104F200003D17B681B6BFB6102E03B680833FB61CC
:104F30003B681A687B6828339A4206D17B681B6BF2
:104F40007A6852691344BB6102E03B681B68BB612D
:104F5000BA69FB69D31A3B6139697869FFF700F9CF
:104F6000F8603B685B6823F001031A463B685A60AF
:104F70007B690C33FA689A4226D0FB6808335B6879
:104F80001A463B6993421FD1FB6803F10802FB6993
:104F9000083312681A60FB680833FA6908321A602D
:104FA000FB690833FA6808325A60FB6908331B68EA
:104FB000002B05D0FB6908331B68FA6908325A6078
:104FC000FB6900221A600CE0F968F869FFF708FF36
:104FD000FB69083300221A60FB6908333A695A609A
:104FE00000BF00BF2037BD4680BD80B586B000AF92
:104FF000786039607B6814337B6139687869FFF7C2
:10500000AFF838617B690C333A699A4201D10023C9
:1050100034E03869FFF74AF97B681B6B3A699A42BA
:1050200002D17B68183301E03B69083BFB603B69B8
:1050300008335B681A463B68D31A172B16D93B68AE
:105040003A691344BB60B968F868FFF769F9BB684F
:105050001A687B6828339A4204D1B9687868FFF7E8
:1050600053FF03E0B9687869FFF7C9F8FB685B682C
:1050700043F001031A46FB685A603B69184618372B
:10508000BD4680BD80B586B000AF786039607B6872
:1050900014333B617B681B6B3A689A4202D17B6890
:1050A000183301E03B68083B7B617B695B6803F078
:1050B0000103002B02D16FF010034AE07B695B68AB
:1050C00023F001031A467B695A607B691B685B68A1
:1050D00003F00103002B0AD17B691B6808331846D3
:1050E000FFF7E4F87B691B681846FFF738F97B691E
:1050F0005B685B6803F00103002B15D17B695B687B
:105100007B617B6818337A699A4202D17B681B6B9A
:1051100001E07B690833FB60F868FFF7C7F87B693B
:105120001B681846FFF71BF97B6818337A699A42A7
:1051300005D07B691A687B6828339A4204D1796963
:105140007868FFF7E1FE03E079693869FFF757F8FF
:10515000002318461837BD4680BD80B586B000AF25
:10516000786018E07B681B687B617B691B6C3B6126
:105170007868FFF78EFE02463B69934213DC39697B
:105180007868FFF732FFF8607B695B6CFA681A6039
:10519000786904F0EAFE7B681846FFF70FFE0346C5
:1051A000002BDFD000E000BF00BF1837BD4680BD38
:1051B00080B582B000AF78607B6818331846FFF77F
:1051C000EDFD7B6820331846FFF7E8FD7B6803F1AF
:1051D00018027B68283319461046FFF7A1F87B6850
:1051E000DB6A43F001031A467B68DA627B68183396
:1051F00019467868FFF788FE00BF0837BD4680BDB6
:1052000080B58AB000AF786040F22133FB617B68E3
:105210005A68FB69DB431340002B02D06FF00A038E
:1052200093E07B689B68002B05DD7B689B681A46D2
:10523000484B9A4202D96FF0100386E0464B1B6838
:10524000002B0DD1FFF702FE0346002B08D1434B84
:105250001B68002B04D006F068FB0346002B02D02D
:105260006FF0180371E07B689B681846FFF7FEFD3E
:10527000B8617B685B6803F02003002B0BD07B6870
:105280009B68BA699A4202D06FF010035DE07B68B8
:10529000DB687B6209E0B869FFF780F878627B6AB7
:1052A000002B02D16FF020034FE006F04BFB78613A
:1052B0002B48FFF7AEFD38613B69002B03D16FF03F
:1052C00021033B6222E03B69264A9B1A9B10264A37
:1052D00002FB03F30133FB603B691846FFF75EFDF9
:1052E0003B69FA689A607B681A683B69DA607B6898
:1052F0005A683B691A613B69BA695A613B697A6AC3
:105300001A633869FFF754FFFB683B627B69002B27
:105310000BD1124B1A68154B1B689A4205D00E4BE5
:105320001B68002B01D106F045FE786906F0F0FA03
:105330003B6A002B08DA7B685B6803F02003002BD4
:1053400002D1786AFFF7D1F83B6A18462837BD4684
:1053500080BD00BFF8FFFF7F181400201C14002040
:1053600018100020480F0020C54EECC42014002067
:1053700080B588B000AF78600023FB610023BB617B
:1053800000237B617B68002B02DD7B68042B02DD40
:105390006FF0110357E02E4B1B68002B0DD1FFF768
:1053A00055FD0346002B08D12A4B1B68002B04D067
:1053B00006F0BBFA0346002B02D06FF0180342E060
:1053C0007B68013B342202FB03F3234A13443B6115
:1053D00006F0B8FAF8603B699B68002B03D16FF0C8
:1053E00029037B6111E03B691B6BFB613B691B6916
:1053F000BB613B69184604F06DFE3B6917491846CE
:10540000FFF7EEFC3B6900229A60FB68002B0BD192
:10541000104B1A68124B1B689A4205D00C4B1B6844
:10542000002B01D106F0C6FDF86806F071FA7B6921
:10543000002B07D1BB6903F02003002B02D1F869D0
:10544000FFF753F87B6918462037BD4680BD00BF83
:10545000181400201C140020480F002018100020F1
:105460002014002080B584B000AF786039607B687C
:105470001B6B013B342202FB03F3084A1344FB601D
:105480003B68002B03DB7968F86804F087FEF86856
:10549000FFF763FE00BF1037BD4680BD480F0020F8
:1054A00080B582B000AF78604FF0FF317868FFF7C9
:1054B000D9FF00BF0837BD4680BD80B588B000AFBA
:1054C000F860B9607A603B600023FB6100233B61B8
:1054D000FB68002B02DDFB68042B02DD6FF011037B
:1054E0008CE0BB68002B03DDBB68464A934202D9BF
:1054F0006FF0100382E03B68B3F1FF3F02DA6FF018
:1055000010037BE0404B1B68002B0DD1FFF79EFC86
:105510000346002B08D13D4B1B68002B04D006F03E
:1055200004FA0346002B02D06FF0180366E0FB6814
:10553000013B342202FB03F3354A1344BB61B868D4
:10554000FFF794FCB86006F0FDF97861BB699B68D1
:10555000002B03D16FF029033B613CE0BB695B6921
:10556000BA689A4203DD6FF010033B6133E0274BCA
:105570001B681946B86904F023FE0246234B1B68DA
:105580009A420BD1B968B869FFF72FFDF861FB6942
:10559000002B03D07B68FA691A601CE0BB691B69A9
:1055A00003F00103002B01D01A4A00E01A4A174BFE
:1055B0001B68DA62154B1B6807F11002DA63134BA4
:1055C0001B68BA681A64114B1B687A685A64396898
:1055D000B86904F0ADFD7B69002B0BD10B4B1A6849
:1055E0000E4B1B689A4205D0074B1B68002B01D15C
:1055F00006F0E0FC786906F08BF93B691846203725
:10560000BD4680BDF8FFFF7F181400201C14002049
:10561000480F00209CC6000090C600002014002007
:1056200080B586B000AF7860396000237B617B680D
:10563000002B02DD7B68042B02DD6FF0110358E0C4
:105640002E4B1B68002B0DD1FFF700FC0346002BEF
:1056500008D12B4B1B68002B04D006F066F90346DB
:10566000002B02D06FF0180343E07B68013B34222B
:1056700002FB03F3234A13443B6106F063F9F8602D
:105680003B699B68002B03D16FF029037B611DE010
:105690003B691B6B3A689A4207D33B691B6B3A69BB
:1056A000526913443A689A4203D96FF010037B6140
:1056B0000CE039683869FFF7E5FC78617B69002BFD
:1056C00003DB3869FFF749FD00E000BFFB68002BF2
:1056D0000BD10B4B1A680C4B1B689A4205D0074B39
:1056E0001B68002B01D106F065FCF86806F010F984
:1056F0007B6918461837BD4680BD00BF18140020CE
:105700001C140020480F00202014002080B58AB00F
:1057100000AF786039600023BB617B68002B02DD3D
:105720007B68042B02DD6FF0110373E03B4B1B68B9
:10573000002B0DD1FFF78AFB0346002B08D1384B15
:105740001B68002B04D006F0F0F80346002B02D0B3
:105750006FF018035EE07B68013B342202FB03F329
:10576000304A13447B6106F0EDF838617B699B6831
:10577000002B03D16FF02903BB6138E07B69DA6845
:105780003B681A607B69184604F0BFFC02463B6820
:105790005A600023FB617B691B6A7B6219E07B6AAC
:1057A00008335B68FB60FA69FB681344FB617B6A42
:1057B00008331B683B6206E0FA69FB681344FB612F
:1057C0003B6A1B683B623B6A002BF5D17B6A1B6816
:1057D0007B627B6920337A6A9A42E0D13B68FA693E
:1057E0009A607869FFF755FB02463B68DA603B69CF
:1057F000002B0BD10A4B1A680B4B1B689A4205D041
:10580000064B1B68002B01D106F0D4FB386906F06B
:105810007FF8BB6918462837BD4680BD18140020A4
:105820001C140020480F00202014002080B483B0F6
:1058300000AF78607B687A681A607B687A685A6023
:1058400000BF0C37BD465DF8047B704780B483B061
:1058500000AF78607B681B687A689A420CBF0123AE
:105860000023DBB218460C37BD465DF8047B704759
:1058700080B483B000AF786039603B685A687B6859
:105880005A607B683A681A603B685B687A681A609D
:105890003B687A685A6000BF0C37BD465DF8047BF0
:1058A000704780B485B000AF78607B681B687A6809
:1058B0009A4201D100230BE07B681B68FB60FB6808
:1058C0001A687B681A60FB681B687A685A60FB6814
:1058D00018461437BD465DF8047B704780B400AFAE
:1058E000054B1B68002BCCBF01230023DBB21846FD
:1058F000BD465DF8047B7047F425002080B483B07A
:1059000000AF786039603B6804337A68526A93422A
:1059100094BF01230023DBB218460C37BD465DF867
:10592000047B704780B483B000AF78607B685A6AAC
:105930007B68DB699A420CBF01230023DBB2184667
:105940000C37BD465DF8047B704780B582B000AF70
:105950000D48FFF76BFF0D4B3B600D4B7B600AE082
:105960007B6800229A607B6807491846FFF780FF32
:105970007B6834337B607A683B689A42F0D30023BB
:1059800018460837BD4680BDC0110020C011002058
:105990002010002080B588B000AFF860B9607A6050
:1059A000FB68DB6AFB61FB681B6BBB61FB685B6AC6
:1059B0001A467B68033323F00303D31A043B1A46C9
:1059C000FB685A62FB69BA6913447A681A60FB691A
:1059D0000433FB61FB68DB69FA699A4201DB00234F
:1059E000FB61FB68DA69FB69D31A7B617A697B68C2
:1059F0009A4211DAFB69BA6913447A69B9681846A0
:105A0000FBF76FFA7B69BA681344BB607A687B69FD
:105A1000D31A7B600023FB61FB69BA6913447A687F
:105A2000B9681846FBF75DFA7B68033323F003037C
:105A3000FA691344FB61FB68DB69FA699A4201DB8E
:105A40000023FB61FB68FA69DA6200BF2037BD46BC
:105A500080BD80B584B000AF786016E07B681B68BD
:105A6000FB60FB685B6CBB60B9687868FFF746FF5A
:105A70000346002B11D0FB681B6CBA681946786886
:105A8000FFF788FFF86804F070FA7B681846FFF7A4
:105A9000DDFE0346002BE1D000E000BF00BF103761
:105AA000BD4680BD80B58AB000AF78602123FB6120
:105AB0007B685A68FB69DB431340002B02D06FF010
:105AC0000A0398E07B689B68002B02DA6FF01003F2
:105AD00091E07B68DB68002B02DC6FF010038AE04A
:105AE0007B689B68033323F00303BB61BB69002B16
:105AF0001BDD7B685B6803F02003002B0BD07B6809
:105B00009B68BA699A4202D06FF0100373E07B6819
:105B10001B697B620BE0B869FEF740FC78627B6A28
:105B2000002B04D16FF0200365E000237B6205F0B9
:105B300009FF78613248FFF7B4FE38613B69002BFA
:105B400003D16FF021033B6233E03B692D4A9B1A7E
:105B50009B102D4A02FB03F30133FB603B6918469F
:105B6000FFF764FE3B69FA689A607B681A683B69D4
:105B7000DA607B685A683B691A613B6914331846DE
:105B8000FFF754FE3B697A6A1A633B69BA695A6245
:105B90003B695A6A3B69DA617B68DA683B691A6279
:105BA0003B690022DA623B69DA6A3B699A62FB6808
:105BB0003B627B69002B0BD1144B1A68144B1B689A
:105BC0009A4205D0134B1B68002B01D106F0F2F965
:105BD000786905F09DFE3B6A002B0BDA7B6A002B8F
:105BE00008D07B685B6803F02003002B02D1786A41
:105BF000FEF77BFC3B6A18462837BD4680BD00BFD8
:105C0000C011002020100020C54EECC41C14002040
:105C1000201400201814002080B586B000AF7860F2
:105C200000237B6100233B617B68002B02DD7B68E6
:105C3000082B02DD6FF0110345E07B68013B342245
:105C400002FB03F3224A1344FB6005F07BFEB860BD
:105C5000FB689B68002B03D16FF029033B6113E0C5
:105C6000FB681B6B7B61FB681433184604F032FA47
:105C7000FB68184604F02EFAFB6816491846FFF731
:105C8000F7FDFB6800229A60BB68002B0BD1124B1A
:105C90001A68124B1B689A4205D0114B1B68002BE7
:105CA00001D106F087F9B86805F032FE7B69002B58
:105CB00008D0FB681B6903F02003002B02D1786930
:105CC000FEF713FC3B6918461837BD4680BD00BF80
:105CD00020100020C01100201C14002020140020DF
:105CE0001814002080B584B000AF786039607B68FC
:105CF0001B6B013B342202FB03F3084A1344FB6095
:105D00003B68002B03DB7968F86804F047FAF86811
:105D1000FFF79FFE00BF1037BD4680BD201000205A
:105D200080B582B000AF78604FF0FF317868FFF740
:105D3000D9FF00BF0837BD4680BD80B588B000AF31
:105D4000F860B9607A603B6000233B61FB68002B20
:105D500002DDFB68082B02DD6FF01103B3E07B6806
:105D6000002B02DC6FF01003ADE03B68B3F1FF3FA6
:105D700002DA6FF01003A6E03B68002B14D0544BFE
:105D80001B68002B0DD1FFF7A9FD0346002B08D19E
:105D9000504B1B68002B04D005F0C7FD0346002BB9
:105DA00002D06FF018038EE0FB68013B342202FB47
:105DB00003F3494A1344FB6105F0C4FDB861FB6974
:105DC0009B68002B03D16FF029033B6168E0FB69FE
:105DD0001B6A7A689A4203DD6FF010033B615FE053
:105DE000FB6914331846FFF731FD0346002B11D130
:105DF000FB695B697B617B691B6C7A68B9681846D3
:105E0000FBF76FF87B695B6C7A681A60786904F05D
:105E1000ACF845E0FFF762FD0346002B0ED12D4B99
:105E20001B68002B0AD02B4B1B681946F86904F03D
:105E3000C7F90246274B1B689A420CD17968F8696A
:105E4000FFF75CFD0346002B05D07A68B968F86956
:105E5000FFF7A0FD24E06FF031033B613B68002BAE
:105E60001DD0FB691B6903F00103002B01D01B4A05
:105E700000E01B4A174B1B68DA62164B1B6807F1E0
:105E80001002DA63134B1B68BA681A64114B1B6863
:105E90007A685A643968F86904F04AF900E000BF8A
:105EA000BB69002B0BD10B4B1A680E4B1B689A4237
:105EB00005D0074B1B68002B01D106F07BF8B869B1
:105EC00005F026FD3B6918462037BD4680BD00BF62
:105ED000181400201C14002020100020B4C600005C
:105EE000A8C600002014002080B588B000AF7860FC
:105EF00039607B689B6AFB617B681B6B7B61FB691C
:105F00007A6913441B68BB61BB693B617B685B6A50
:105F10001A46BB69033323F00303134404331A46C0
:105F20007B685A62FB690433FB617B68DB69FA6951
:105F30009A4201DB0023FB617B68DA69FB69D31AB3
:105F4000FB60FA68BB699A4211DAFB697A6913440B
:105F5000FA6819463868FAF7C4FFFB683A681344D0
:105F60003B60BA69FB68D31ABB610023FB61FB6924
:105F70007A691344BA6919463868FAF7B2FFBB69FF
:105F8000033323F00303FA691344FB617B68DB6985
:105F9000FA699A4201DB0023FB617B68FA699A6225
:105FA0003B6918462037BD4680BD80B58AB000AF3A
:105FB000F860B9607A6000237B61FB68002B02DD2A
:105FC000FB68082B02DD6FF011039EE07B68B3F1E4
:105FD000FF3F02DA6FF0100397E04E4B1B68002B77
:105FE0000DD1FFF77BFC0346002B08D14A4B1B6801
:105FF000002B04D005F099FC0346002B02D06FF073
:10600000180382E0FB68013B342202FB03F3434A9E
:1060100013447B6205F096FC38627B6A9B68002B18
:1060200003D16FF029037B6157E0786AFFF77AFCB0
:106030000346002B09D1B968786AFFF755FF03467C
:10604000BB61786AFFF705FD47E07B6A1846FFF7FA
:10605000FDFB0346002B13D17B6A1B68FB61FB69C8
:106060005B6CBB61FB691B6CBA691946B868FAF7CF
:1060700038FFF86903F079FF786AFFF7EAFC2CE053
:106080006FF031037B617B68002B25D0224B1B68AE
:10609000234ADA62204B1B68FA681A631E4B1B689E
:1060A00007F11402DA631C4B1B68BA681A641A4BB6
:1060B0001B6807F118025A647B6A1B6919467868E5
:1060C00003F0A5FF144B1B681A467B6A143319466C
:1060D0001046FFF7CDFB00E000BF3B6A002B0BD161
:1060E0000D4B1A680F4B1B689A4205D0094B1B6871
:1060F000002B01D105F05EFF386A05F009FC7B69D1
:10610000002B01DA7B6900E0BB6918462837BD46E1
:1061100080BD00BF181400201C1400202010002097
:10612000C0C600002014002080B586B000AF7860A3
:10613000396000237B617B68002B02DD7B68082BC4
:1061400002DD6FF0110361E07B68013B342202FB4A
:1061500003F3304A13443B6105F0F4FBF8603B69FC
:106160009B68002B03D16FF029037B613BE03B6907
:10617000DA683B681A603B691433184603F0C5FFC0
:1061800002463B685A603B69184603F0BEFF024670
:106190003B689A603869FFF7C5FB0346002B08D1BE
:1061A0003B691B6B3A69926A13441A683B68DA6070
:1061B00011E03B691846FFF749FB0346002B07D166
:1061C0003B691B68BB60BB685A6C3B68DA6002E0E5
:1061D0003B680022DA603B695A6A3B681A613B6996
:1061E0001A6A3B685A61FB68002B0BD10A4B1A688C
:1061F0000A4B1B689A4205D0094B1B68002B01D142
:1062000005F0D8FEF86805F083FB7B69184618375F
:10621000BD4680BD201000201C140020201400204A
:106220001814002080B400AF054B1B68002BCCBFB6
:1062300001230023DBB21846BD465DF8047B70479E
:10624000F425002080B584B000AF7860FFF7EAFF46
:106250000346002B03D1374B1B68002B03D17B680F
:1062600004221A604AE005F06DFBF860314B1B68B0
:10627000B3F922202F4B1B6893F920301BB29A42AE
:10628000CCBF01230023DBB2BB60F86805F040FB04
:10629000BB68002B03D07B6808221A6002E07B6891
:1062A00000221A6005F041FB0346002B08D1FFF7DE
:1062B000B9FF0346002B03D11E4B1B68002B05D1F1
:1062C0007B681B6843F002027B681A601A4B1B68EC
:1062D000002B0DD1FFF7A6FF0346002B08D1154B6D
:1062E0001B68002B04D005F020FB0346002B05D0D3
:1062F0007B681B6843F001027B681A600D4B1B68CA
:10630000002B03D00B4B1B689B6800E000237A68CE
:1063100053600A4B1B68002B03D0084B1B689B681B
:1063200000E000237A689360002318461037BD46CA
:1063300080BD00BF1C140020181400202014002071
:1063400080B483B000AF78607B6800221A807B68DD
:1063500000225A807B684FF4C6429A807B680322F1
:10636000DA807B6800221A817B6800225A817B6870
:1063700000229A817B680022DA81002318460C37BC
:10638000BD465DF8047B704780B483B000AF786091
:106390007B687A681A607B687A685A6000BF0C373D
:1063A000BD465DF8047B704780B483B000AF786071
:1063B0007B681B687A689A420CBF01230023DBB21A
:1063C00018460C37BD465DF8047B704780B483B037
:1063D00000AF786039603B685A687B685A607B68B8
:1063E0003A681A603B685B687A681A603B687A684A
:1063F0005A6000BF0C37BD465DF8047B704780B41F
:1064000085B000AF78607B681B687A689A4201D1DA
:1064100000230BE07B681B68FB60FB681A687B68E5
:106420001A60FB681B687A685A60FB681846143764
:10643000BD465DF8047B704780B400AF054B1B6818
:10644000002BCCBF01230023DBB21846BD465DF80C
:10645000047B7047F425002080B588B000AF7860D9
:1064600039603B68BB61BB697B617B6893F8263010
:10647000FB742623FB607B691B68FB6109E0FB68FA
:10648000FA6913441B78FA7C9A4207D3FB691B68AC
:10649000FB61FA69BB699A42F1D100E000BF7B68F9
:1064A000F9691846FFF792FF00BF2037BD4680BD4F
:1064B00080B582B000AF0E48FFF766FF0D4B3B6022
:1064C0000D4B7B600AE07B6800229A607B6808497C
:1064D0001846FFF77BFF7B6820337B607A683B6858
:1064E0009A42F0D3002318460837BD4680BD00BF4E
:1064F0004812002048120020C811002080B586B044
:1065000000AF786039607B6893F825303B613B6968
:10651000FB607B6864337B612DE0BA683B689A421C
:1065200004D1BB68DA697B691A6024E0BB681B6927
:1065300003F00303022B05D0032B10D1BB681B7D96
:10654000FB600FE0BB681846FFF72EFF0346002BE9
:1065500007D1BB681B6893F82630FB6001E000BFE1
:1065600000E000BF3A69FB689A4201DDFB683B61CD
:10657000BB681C337B617B691B68BB60BB68002BFD
:10658000CBD17B6893F826301A463B69934203D0FF
:106590003969786801F042F900BF1837BD4680BDFF
:1065A00080B586B000AF78607B685B6E7B6130E061
:1065B0003B69DB697B613B691846FFF7F5FE0346E3
:1065C000002B23D13B691B68FB60F86803F0CDFC0E
:1065D0003B69FA689A61FB685A6E3B69DA61FB684D
:1065E0003A695A663B691B6903F00303032B10D118
:1065F000FB6893F826203B691B7D9A4209D93B69C9
:106600001B7D1946F86801F009F902E03B69002298
:106610009A617B693B613B69002BC9D100BF00BF18
:106620001837BD4680BD80B586B000AF7860396050
:106630003B683B610023FB607B6893F8273003F0E5
:106640000203002B1CD07B68DB6A1B6803F080030D
:10665000002B15D07B681B6B013B5B01294A13445F
:106660007B617B691B6903F00303032B08D17B6902
:106670001B7DBB60BA68FB689A4201DDBB68FB60AA
:106680003B69BB607B685B6E7B612CE07B691B694F
:1066900003F00303022B0BD0032B16D17B691B7D68
:1066A000BB60BA68FB689A4211DDBB68FB600EE014
:1066B0007B691846FFF778FE0346002B09D17B69FA
:1066C0001B6893F82630BB6003E000BF02E000BF08
:1066D00000E000BFBA683B699A4201DABB683B61DF
:1066E0007B69DB697B617B69002BCFD13A68FB68F2
:1066F0009A4202DA6FF01B0300E03B691846183734
:10670000BD4680BDC811002080B588B000AF78605C
:1067100003237B617B685A687B69DB431340002B52
:1067200002D06FF00A0359E07B685B6803F0030353
:10673000032B0FD17B689B68002B03DD7B689B6874
:10674000202B02DD6FF0100348E07B689B68013B63
:10675000FB6101E00023FB6105F0F4F8386121489A
:10676000FFF74DFEF860FB68002B03D16FF02103AB
:10677000BB6120E0FB681C4A9B1A5B110133BB60C4
:10678000FB681846FFF700FEFB68BA689A607B68F2
:106790001A68FB68DA607B685A68FB681A61FB69F3
:1067A000DAB2FB681A75FB6800229A61FB68002266
:1067B000DA61BB68BB613B69002B0BD10B4B1A68DC
:1067C0000B4B1B689A4205D00A4B1B68002B01D16A
:1067D00005F0F0FB386905F09BF8BB6918462037D7
:1067E000BD4680BD48120020C81100201C140020A6
:1067F000201400201814002080B586B000AF786007
:1068000000237B617B68002B02DD7B68042B02DDAB
:106810006FF0110339E07B68013B5B011D4A1344B3
:106820003B6105F08FF8F8603B699B68002B03D152
:106830006FF029037B6115E03B699B69002B05D054
:106840003B699B6939691846FFF758FE3B69184652
:1068500003F040FC3B6910491846FFF7B7FD3B6960
:1068600000229A60FB68002B0BD10C4B1A680C4B72
:106870001B689A4205D00B4B1B68002B01D105F019
:1068800099FBF86805F044F87B6918461837BD464F
:1068900080BD00BFC8110020481200201C14002039
:1068A000201400201814002080B584B000AF786058
:1068B00039607B681B6B013B5B01174A1344FB602B
:1068C0007968F86803F06AFCFB681B6903F003034E
:1068D000022B1DD1FB689B69BB60BB6893F8262027
:1068E0007B6893F826309A4207D97B6893F8263064
:1068F0001946B86800F092FF0AE0BB6893F82630AA
:106900001A463B68934203D10021B868FFF7F6FDB1
:1069100000BF1037BD4680BDC811002080B584B0CF
:1069200000AF78607B681B6B013B5B010A4A134434
:10693000FB60FB689B69BB60BB6893F826207B68A3
:1069400093F826309A4203D10021B868FFF7D6FDAC
:1069500000BF1037BD4680BDC811002080B588B08B
:1069600000AF786039600023FB607B68002B02DD9C
:106970007B68042B02DD6FF01103D1E03B68B3F1BB
:10698000FF3F02DA6FF01003CAE0674B1B68002B71
:106990000DD1FFF751FD0346002B08D1634B1B6857
:1069A000002B04D004F0C1FF0346002B02D06FF08F
:1069B0001803B5E07B68013B5B015D4A1344FB6152
:1069C00004F0C0FFB861FB699B68002B03D16FF036
:1069D0002903FB6091E0FB699A69544B1B689A425A
:1069E00003D16FF01B03FB6087E0FB691B6903F0B9
:1069F00003037B617B69032B0BD14C4B1B6893F822
:106A00002520FB691B7D9A4203D26FF01B03FB60BC
:106A100073E0FB699B693B613B69002B20D1434BD1
:106A20001A68FB699A61414B1B685A6EFB69DA610F
:106A30003E4B1B68FA695A667B69032B5DD13B4B61
:106A40001B6893F82620FB691B7D9A4255D9374B6A
:106A50001A68FB691B7D1946104600F0DFFE4CE00A
:106A60006FF03103FB603B68002B45D07B69022B44
:106A700010D13B6993F826202C4B1B6893F82630E5
:106A80009A4207D9294B1B6893F826301946386972
:106A900000F0C4FE7B69002B06D07B69022B01D17C
:106AA000244B02E0244B00E0244B204A1268D362BE
:106AB0001E4B1B6807F10C02DA631C4B1B68FA695A
:106AC00092681A63FB691B691946386803F09FFADC
:106AD0007B69002B08D1154B1B681A46FB691946C8
:106AE0001046FFF773FC08E0104B1B68FA6911466B
:106AF0001846FFF7B1FC00E000BFBB69002B0BD1CB
:106B00000A4B1A680E4B1B689A4205D0064B1B684D
:106B1000002B01D105F04EFAB86904F0F9FEFB68CC
:106B200018462037BD4680BD181400201C140020D4
:106B3000C8110020E4C60000D8C60000CCC6000082
:106B40002014002080B586B000AF786000237B6100
:106B50007B68002B02DD7B68042B02DD6FF01103E4
:106B60006DE0FFF769FC0346002B03D1364B1B6831
:106B7000002B02D16FF0180361E07B68013B5B01E1
:106B8000324A13443B6104F0DDFEF8603B699B68C8
:106B9000002B03D16FF029037B613DE03B699A69CB
:106BA000294B1B689A4203D06FF01B037B6133E0D3
:106BB000254B1B6839691846FFF7A0FC3B6918464E
:106BC000FFF7F2FB0346002B23D13B691B68BB6038
:106BD000B86803F0CAF93B69BA689A61BB685A6E33
:106BE0003B69DA61BB683A695A663B691B6903F025
:106BF0000303032B10D1BB6893F826203B691B7D50
:106C00009A4209D93B691B7D1946B86800F006FE17
:106C100002E03B6900229A61FB68002B0BD10A4B12
:106C20001A680B4B1B689A4205D00A4B1B68002B55
:106C300001D105F0BFF9F86804F06AFE7B691846D7
:106C40001837BD4680BD00BF1C140020C8110020AD
:106C5000201400201814002080B586B000AF7860A2
:106C6000396000237B617B68002B02DD7B68042B8D
:106C700002DD6FF0110339E07B68013B5B011D4AC7
:106C800013443B6104F05EFEF8603B699B68002B97
:106C900003D16FF029037B6115E03B69DA683B683B
:106CA0001A603B699B69002B03D03B699B699B6819
:106CB00000E000233A6853603B69184603F025FA68
:106CC00002463B689A60FB68002B0BD10A4B1A689E
:106CD0000A4B1B689A4205D0094B1B68002B01D157
:106CE00005F068F9F86804F013FE7B691846183758
:106CF000BD4680BDC81100201C14002020140020B7
:106D00001814002080B483B000AF78607B687A6884
:106D10001A607B687A685A6000BF0C37BD465DF820
:106D2000047B704780B483B000AF786039603B6803
:106D30005A687B685A607B683A681A603B685B688F
:106D40007A681A603B687A685A6000BF0C37BD46A3
:106D50005DF8047B704780B485B000AF78607B68D5
:106D60001B687A689A4201D100230BE07B681B689C
:106D7000FB60FB681A687B681A60FB681B687A68AE
:106D80005A60FB6818461437BD465DF8047B7047AF
:106D900080B400AF054B1B68002BCCBF0123002340
:106DA000DBB21846BD465DF8047B7047F425002031
:106DB00080B582B000AF0E48FFF7A4FF0D4B3B60DB
:106DC0000D4B7B600AE07B6800229A607B68084973
:106DD0001846FFF7A7FF7B681C337B607A683B6827
:106DE0009A42F0D3002318460837BD4680BD00BF45
:106DF00010140020101400205012002080B588B01C
:106E000000AF78600323BB617B685A68BB69DB43D2
:106E10001340002B02D06FF00A0359E07B689B6897
:106E2000002B02DA6FF0100352E07B68DB68002B66
:106E300002DC6FF010034BE07B68DA687B689B68CC
:106E40009A4202DA6FF0100342E004F07BFD7861B1
:106E50002148FFF780FF38613B69002B03D16FF0B9
:106E60002103FB6121E03B691C4A9B1A9B101C4AD1
:106E700002FB03F30133FB603B691846FFF742FF57
:106E80003B69FA689A607B681A683B69DA607B68DC
:106E90005A683B691A617B689A683B695A617B68EA
:106EA000DA683B699A61FB68FB617B69002B0BD157
:106EB0000C4B1A680C4B1B689A4205D00B4B1B6895
:106EC000002B01D105F076F8786904F021FDFB690B
:106ED00018462037BD4680BD1014002050120020F7
:106EE000B76DDBB61C1400202014002018140020FD
:106EF00080B586B000AF786000237B617B68002B93
:106F000002DD7B68102B02DD6FF0110332E07B683D
:106F10005A1E1346DB009B1A9B00184A13443B6120
:106F200004F010FDF8603B699B68002B03D16FF003
:106F300029037B610BE03B69184603F0CBF83B6902
:106F40000F491846FFF7EEFE3B6900229A60FB6886
:106F5000002B0BD10B4B1A680B4B1B689A4205D0C8
:106F60000A4B1B68002B01D105F024F8F86804F0E7
:106F7000CFFC7B6918461837BD4680BD50120020F3
:106F8000101400201C1400202014002018140020CD
:106F900080B588B000AF786039600023BB617B6842
:106FA000002B02DD7B68102B02DD6FF011036AE01D
:106FB0003B68002B02DC6FF0100364E07B685A1E14
:106FC0001346DB009B1A9B00314A13447B6104F09B
:106FD000B9FC38617B699B68002B03D16FF02903F2
:106FE000BB613DE07B699A697B695B69D31A3A684A
:106FF0009A4203DD6FF02A03BB6131E07B695A6975
:107000003B681A447B695A617B691B68FB611FE01E
:10701000FB69FB60FB691B68FB617B695A69FB6864
:107020001B6C9A4206DA7B691B6903F00203002B92
:1070300013D00DE0F86802F098FF7B695A69FB688D
:107040001B6CD21A7B695A617B695B69002B06DD78
:107050007B69FA699A42DBD102E000BF00E000BF21
:107060003B69002B0BD10B4B1A680B4B1B689A42E8
:1070700005D00A4B1B68002B01D104F09BFF386937
:1070800004F046FCBB6918462037BD4680BD00BFF2
:10709000501200201C14002020140020181400207E
:1070A00080B586B000AF786039607B681B6B5A1E74
:1070B0001346DB009B1A9B00194A13443B613B6853
:1070C000002B03DB7968386903F068F83B691B69BA
:1070D00003F00203002B1DD13B691B687B6114E0A8
:1070E0007B69FB607B691B687B613B695A69FB6854
:1070F0001B6C9A4210DBF86802F037FF3B695A6953
:10710000FB681B6CD21A3B695A613B697A699A42E7
:10711000E6D102E000BF00E000BF1837BD4680BDE9
:107120005012002080B582B000AF78604FF0FF3180
:107130007868FFF7B5FF00BF0837BD4680BD80B552
:1071400088B000AFF860B9607A6000237B61FB68AB
:10715000002B02DDFB68102B02DD6FF0110387E0CE
:10716000BB68002B02DC6FF0100381E07B68B3F199
:10717000FF3F02DA6FF010037AE03F4B1B68002BF1
:107180000DD1FFF705FE0346002B08D13B4B1B68D2
:10719000002B04D004F0C9FB0346002B02D06FF093
:1071A000180365E0FB685A1E1346DB009B1A9B0020
:1071B000334A1344FB6104F0C5FBB861FB699B686B
:1071C000002B03D16FF029037B613EE0FB699B69D3
:1071D000BA689A4203DD6FF010037B6135E0FB690A
:1071E0001B6903F00203002B0AD1244B1B681946CC
:1071F000F86902F0E5FF0246204B1B689A420BD16A
:10720000FB695B69BA689A4206DCFB695A69BB682C
:10721000D21AFB695A6118E0FB691B6903F001038C
:10722000002B01D0174A00E0174A144B1B68DA62A2
:10723000124B1B6807F11402DA63104B1B68BA6823
:107240001A647968F86902F073FFBB69002B0BD1EF
:107250000A4B1A680D4B1B689A4205D0064B1B68F7
:10726000002B01D104F0A6FEB86904F051FB7B6944
:1072700018462037BD4680BD181400201C1400207D
:1072800050120020FCC60000F0C6000020140020B0
:1072900080B586B000AF7860396000237B617B6881
:1072A000002B02DD7B68102B02DD6FF0110335E04F
:1072B0007B685A1E1346DB009B1A9B00194A134435
:1072C0003B6104F03FFBF8603B699B68002B03D1F6
:1072D0006FF029037B610EE03B69DA683B681A6056
:1072E0003B69184602F011FF02463B685A603B6951
:1072F0005A693B689A60FB68002B0BD10A4B1A68ED
:107300000A4B1B689A4205D0094B1B68002B01D120
:1073100004F050FEF86804F0FBFA7B691846183751
:10732000BD4680BD501200201C14002020140020F7
:107330001814002080B483B000AF78607B687A684E
:107340001A607B687A685A6000BF0C37BD465DF8EA
:10735000047B704780B483B000AF78607B681B68A3
:107360007A689A420CBF01230023DBB218460C371F
:10737000BD465DF8047B704780B483B000AF786091
:1073800039603B685A687B685A607B683A681A6063
:107390003B685B687A681A603B687A685A6000BF2D
:1073A0000C37BD465DF8047B704780B483B000AFF6
:1073B00078607B681B687A689A4209D07B685B6852
:1073C0007A6812681A607B681B687A6852685A602B
:1073D00000BF0C37BD465DF8047B704780B485B0B4
:1073E00000AF78607B681B687A689A4201D10023FD
:1073F0000BE07B681B68FB60FB681A687B681A609F
:10740000FB681B687A685A60FB6818461437BD46EB
:107410005DF8047B704780B483B000AF786039605A
:107420000BE001223B689A407B681340002B01D09F
:107430003B6806E03B6801333B603B681F2BF0DD97
:10744000202318460C37BD465DF8047B704780B595
:1074500084B000AF78607B6820221A600023FB6054
:107460000AE0FB68DB007A68134404331846FFF730
:1074700061FFFB680133FB60FB681F2BF1DD7B685C
:107480000022C3F804217B680022C3F80C217B682A
:1074900003F58473042200211846F9F7D6FC00BFD7
:1074A0001037BD4680BD80B483B000AF78607B6884
:1074B000D3F80C31002B03D07B68D3F80C3105E0F6
:1074C0007B681B687A68DB0013445B6818460C37DE
:1074D000BD465DF8047B704780B483B000AF786030
:1074E0007B681B6818460C37BD465DF8047B704707
:1074F00080B584B000AF786039603B6893F826307F
:10750000FB603868FB68DB007A6813440433194673
:10751000FFF732FF7B68D3F808210121FB6801FAED
:1075200003F31A437B68C3F808213B6893F82830BB
:1075300003F00203DBB2002B03D07B683A68C3F888
:107540000C217B681B68FA689A4204DA7B68FA6847
:107550001A60012300E0002318461037BD4680BDA5
:1075600080B584B000AF786039603B6893F826300E
:10757000FB607B68D3F80C313A689A4203D17B6890
:107580000022C3F80C213B681846FFF70EFF3B684A
:1075900093F8283003F00103DBB2002B07D03A68E0
:1075A00092F828306FF3000382F8283029E0FB6856
:1075B000DB007A68134404331846FFF7CBFE03461A
:1075C000002B1BD07B68D3F808210121FB6801FA4E
:1075D00003F3DB431A407B68C3F808217B681B6810
:1075E000FA689A420CD17B68D3F80831F9681846DA
:1075F000FFF711FF02467B681A6002E000BF00E05F
:1076000000BF1037BD4680BD80B584B000AF786044
:1076100039603B68DB007A6813440433FB60F86828
:10762000FFF7DCFEB860BB68002B03D0F968B868D0
:10763000FFF7A2FE00BF1037BD4680BD80B582B007
:1076400000AF0848FFF72FFF7860074B1B687A6888
:107650009A4202D0044A7B68136000BF0837BD46D7
:1076600080BD00BF241400202014002080B485B009
:1076700000AF78607B681B6EFB60FB68443BFB607F
:10768000FB686FF006021A60FB6800229A63FB68D1
:107690004FF080721A647B685B6923F001031A461D
:1076A000FB68DA637B68FA689A6100BF1437BD46ED
:1076B0005DF8047B704780B584B000AF184B0022A2
:1076C0001A60174B1B68174A13601748FFF7BFFE75
:1076D000164B00221A601648FFF72CFE154BBB60B4
:1076E0000023FB6014E0FB6801337B60BB687A68B1
:1076F0009A60BB68002283F82720BB680C491846B3
:10770000FFF73AFEBB686833BB60FB680133FB6080
:10771000FB681F2BE7DD002318461037BD4680BDF0
:10772000201400201C140020241400201814002011
:10773000342200203415002080B582B000AF78607C
:107740007B68082283F827207B6893F824207B68D5
:1077500083F825207B6893F825207B6883F8262012
:107760007B6893F920301AB27B685A847B680022C8
:107770005A637B6800229A637A6892F828306FF324
:10778000000382F828307A6892F828306FF34103BA
:1077900082F828307B680022DA637B6800225A6610
:1077A0007868FFF763FF00BF0837BD4680BD80B52E
:1077B00082B000AF78607B68012283F82720796867
:1077C0000648FFF795FE0346002B02D0044A7B686B
:1077D000136000BF0837BD4680BD00BF24140020E1
:1077E0002014002080B582B000AF78607968094825
:1077F000FFF7B6FE084B1B687A689A4205D1054828
:10780000FFF751FE0346044A136000BF0837BD4628
:1078100080BD00BF241400202014002080B584B057
:1078200000AF786039607B6893F82730012B0FD167
:1078300079681748FFF794FE3B68DAB27B6883F8F3
:10784000262079681248FFF753FEFFF7F7FE1AE08B
:107850007B6893F82630FB603B68DAB27B6883F87C
:1078600026207B6893F8273003F00203002B0AD010
:107870007B68DB6A5B68002B05D07B68DB6A5B6832
:10788000F9687868984700BF1037BD4680BD00BFD3
:107890002414002080B582B000AF78607968044875
:1078A000FFF7B2FEFFF7CAFE00BF0837BD4680BD36
:1078B0002414002080B500AF074B1B68002B09D0B3
:1078C0000648FFF709FE034619460448FFF79CFEE9
:1078D000FFF7B4FE00BF80BD201400202414002058
:1078E00080B483B000AF786039603B685A687B68C9
:1078F0005A607B683A681A603B685B687A681A600D
:107900003B687A685A6000BF0C37BD465DF8047B5F
:10791000704780B483B000AF78607B681B687A687A
:107920009A4209D07B685B687A6812681A607B6843
:107930001B687A6852685A6000BF0C37BD465DF814
:10794000047B704780B485B000AF78607B681B68AB
:107950007A689A4201D100230BE07B681B68FB60C8
:10796000FB681A687B681A60FB681B687A685A6053
:10797000FB6818461437BD465DF8047B704780B538
:1079800082B000AF78607B681846FFF7C2FF00BF87
:107990000837BD4680BD80B400AF064B1B68002B86
:1079A000CCBF01230023DBB21846BD465DF8047B43
:1079B000704700BFF425002080B483B000AF0346B9
:1079C000FB71FB7903F00703002B14BF0123002395
:1079D000DBB218460C37BD465DF8047B704780B5B6
:1079E00082B000AF78607B684C331846FFF7C7FF62
:1079F0007B681846FFF78DFF00BF0837BD4680BD86
:107A000080B485B000AF786039607B689B69FB60AB
:107A10003A68FB685A627B68DB681A46FB689A62C0
:107A200000BF1437BD465DF8047B704780B485B055
:107A300000AF78600A4B1B687A689A4209D1EFF36D
:107A40001483FB60FB6823F00403FB60FB6883F393
:107A5000148800BF1437BD465DF8047B704700BF33
:107A60001C14002080B588B000AF786041F221334B
:107A70003B617B685A683B69DB431340002B02D0B3
:107A80006FF00A0386E07B68DB68002B03DD7B6810
:107A9000DB68202B02DD6FF010037BE07B681B6945
:107AA0008033FB61FB697F2B02DC6FF0100371E018
:107AB0007B685B6803F02003002B03D07B685B6965
:107AC000BB6111E0FB690733002B00DA0733DB10E1
:107AD000DB00FB61F869FCF761FCB861BB69002B56
:107AE00002D16FF0200355E003F02CFFF8602B4823
:107AF000FFF728FFB860BB68002B03D16FF02103AC
:107B00007B6128E07B681A68BB68DA607B685A682A
:107B1000BB681A617B689A68BB685A617B68DB68DE
:107B2000DBB2013BDAB2BB6883F82420BB68FA6998
:107B3000DA61FB69BA691A44BB681A66BB6801223C
:107B400083F82020BB6801225A84B868FFF7F4FD4F
:107B5000BB689B687B61FB68002B0BD1104B1A68DC
:107B6000104B1B689A4205D00F4B1B68002B01D1AC
:107B700004F020FAF86803F0CBFE7B69002B08DAEA
:107B80007B685B6803F02003002B02D1B869FCF727
:107B9000ACFC7B6918462037BD4680BD34220020EE
:107BA0001C140020201400201814002080B584B07C
:107BB00000AF78607B681B6903F02003002B09D1BC
:107BC0007B681A6E7B68DB695B421344FB60F86874
:107BD000FCF78BFC7B6806491846FFF781FE7B6843
:107BE000002283F8272000BF1037BD4680BD00BFAC
:107BF0003422002080B586B000AF786000237B611E
:107C0000FFF7C9FE0346002B09D12D4B1B68002B43
:107C100005D07B68002B02D16FF028034CE07B6815
:107C2000002B02DD7B68202B02DD6FF0110343E0A7
:107C3000FFF7B1FE0346002B0CD1214B1B68002B34
:107C400008D01F4B1B689B687A689A4202D16FF07C
:107C5000280331E07B68013B682202FB03F3194AE9
:107C600013443B6103F06EFEF8603B6993F82730E4
:107C7000FB72FB7A082B09D0FB7A002B02D16FF044
:107C8000290301E06FF028037B6102E03869FFF708
:107C90008DFFFB68002B0BD1094B1A680A4B1B6840
:107CA0009A4205D0094B1B68002B01D104F082F9E0
:107CB000F86803F02DFE7B6918461837BD4680BD75
:107CC0001C1400203415002020140020181400205B
:107CD00080B586B000AF7860396000237B61FFF724
:107CE0005AFE0346002B09D12F4B1B68002B05D0F1
:107CF0007B68002B02D16FF0280350E07B68002BDB
:107D000002DD7B68202B02DD6FF0110347E0FFF7F7
:107D100042FE0346002B0CD1234B1B68002B08D0DE
:107D2000214B1B689B687A689A4202D16FF0280346
:107D300035E07B68013B682202FB03F31B4A1344D6
:107D40003B6103F0FFFDF8603B6993F82730FB725D
:107D5000FB7A082B09D0FB7A002B02D16FF02903A4
:107D600001E06FF028037B6106E039683869FFF7AE
:107D700047FE3869FFF71BFDFB68002B0BD10A4B50
:107D80001A680B4B1B689A4205D00A4B1B68002BE4
:107D900001D104F00FF9F86803F0BAFD7B691846C9
:107DA0001837BD4680BD00BF1C14002034150020CC
:107DB000201400201814002080B584B000AF786033
:107DC0007B6893F82730FB73FB7B012B03D178682A
:107DD000FFF708FD11E0FB7B03F00203002B0CD042
:107DE0007868FFF7FCFD7B68DB6A9B68002B04D09A
:107DF0007B68DB6A9B68786898477868FEF7D0FBF9
:107E00007868FFF713FE00BF1037BD4680BD80B510
:107E100088B000AFFFF7BFFD0346002B03D1184B1E
:107E20001B68002B03D11748F8F7E4F925E0164B3F
:107E30001B68002B0DD1FFF7AEFD0346002B08D1C8
:107E40000F4B1B68002B04D003F06FFD0346002B83
:107E500002D00E48F8F7CEF903F074FD084B1B680A
:107E60001846FFF7A9FF064B1B681846FFF764FC8E
:107E700004F089F83B795BB23B712037BD4680BD89
:107E80001C14002008C700001814002038C7000088
:107E900080B500AFFFF77FFD0346002B03D1164BE3
:107EA0001B68002B03D11548F8F7A4F922E0144B06
:107EB0001B68002B0DD1FFF76EFD0346002B08D188
:107EC0000D4B1B68002B04D003F02FFD0346002B45
:107ED00002D00C48F8F78EF903F034FD064B1B680E
:107EE0001846FFF769FF044B1B681846FFF75EFE54
:107EF00004F049F880BD00BF1C14002068C70000D2
:107F00001814002098C7000080B586B000AF7860D4
:107F100000237B61FFF73FFD0346002B09D1374B60
:107F20001B68002B05D07B68002B02D16FF0280363
:107F30005FE07B68002B02DD7B68202B02DD6FF0A9
:107F4000110356E0FFF727FD0346002B0CD12B4B06
:107F50001B68002B08D0294B1B689B687A689A42E3
:107F600002D16FF0280344E07B68013B682202FBEA
:107F700003F3234A13443B6103F0E4FCF8603B69DC
:107F800093F82730FB72FB7A1846FFF715FD03467E
:107F9000002B09D1FB7A002B02D16FF0290301E0FD
:107FA0006FF028037B6111E03B6993F8283003F000
:107FB0000203DBB2002B03D06FF028037B6105E0E6
:107FC0003869FFF7F9FE3869FFF7B6FBFB68002B4D
:107FD0000BD10A4B1A680B4B1B689A4205D00A4B0F
:107FE0001B68002B01D103F0E5FFF86803F090FC5B
:107FF0007B6918461837BD4680BD00BF1C140020A1
:1080000034150020201400201814002080B586B0FC
:1080100000AF78603960FFF7BEFC0346002B06D145
:10802000374B1B68002B02D07B68002B08D07B6885
:10803000002B02DD7B68202B02DD6FF011035AE07C
:108040003B68002B08D03B68002B02DD3B68202BEF
:1080500002DD6FF010034EE07B68002B07D07B68D9
:10806000013B682202FB03F3264A134401E0244B40
:108070001B68FB6003F066FCB860FB6893F8273070
:10808000002B03D16FF029033B6121E03B68002BFB
:1080900004D1FB6893F824307B6102E03B68013B2C
:1080A0007B617969F868FEF7BEFA38613B69002B9D
:1080B0000DDB7B69DAB2FB6883F825203B697B61C5
:1080C0007969F868FFF7AAFB00233B6100E000BF75
:1080D000BB68002B0BD10A4B1A680B4B1B689A42EA
:1080E00005D00A4B1B68002B01D103F063FFB86871
:1080F00003F00EFC3B6918461837BD4680BD00BF33
:108100001C14002034150020201400201814002016
:1081100080B584B000AF78607B68002B08D07B68A6
:10812000002B02DD7B68202B02DD6FF0100331E0B5
:1081300003F008FCF8607B68002B13D1FFF72BFCE1
:108140000346002B03D1154B1B68002B02D1FFF710
:10815000B1FB0CE0114B1B6893F826301846FFF773
:1081600099FB04E07B68013B1846FFF793FBFB6833
:10817000002B0BD1094B1A68094B1B689A4205D09A
:10818000084B1B68002B01D103F014FFF86803F0C3
:10819000BFFB002318461037BD4680BD1C140020CD
:1081A000201400201814002080B400AF064B1B6878
:1081B000002B03D0044B1B689B6800E0002318468B
:1081C000BD465DF8047B70471C14002080B586B066
:1081D00000AF7860396000237B61FFF7DCFB03466A
:1081E000002B06D13E4B1B68002B02D07B68002B76
:1081F00008D07B68002B02DD7B68202B02DD6FF04E
:10820000110369E07B68002B07D07B68013B682283
:1082100002FB03F3334A134401E0314B1B683B611B
:10822000202200213868F8F710FE03F08BFBF8607D
:108230003B6993F82730FB72FB7A002B03D16FF078
:1082400029037B6135E0FB7A012B08D1244B1B68A5
:108250003A699A4203D13B680122DA6003E0FB7A73
:108260005A003B68DA60FB7A03F00203002B08D067
:108270003B69DB6A1A683B681A613B691A6B3B68A9
:108280005A613B69DA683B681A603B6993F82630AB
:108290005A1C3B685A603B6993F825305A1C3B686E
:1082A0009A603B695A6B3B689A613B699A6B3B6881
:1082B000DA61FB68002B0BD1094B1A680A4B1B686B
:1082C0009A4205D0094B1B68002B01D103F072FEC6
:1082D000F86803F01DFB7B6918461837BD4680BD62
:1082E0001C14002034150020201400201814002035
:1082F00080B586B000AF786000237B61FFF74BFB51
:108300000346002B09D1264B1B68002B05D07B6848
:10831000002B02D16FF028033EE07B68002B02DDCA
:108320007B68202B02DD6FF0110335E07B68013B99
:10833000682202FB03F31B4A13443B6103F002FB78
:10834000F8603B6993F82730FB72FB7A03F0020375
:10835000002B09D1FB7A002B02D16FF0290301E039
:108360006FF028037B6104E06FF03001386901F0A1
:108370001BFEFB68002B0BD1094B1A680A4B1B68CC
:108380009A4205D0094B1B68002B01D103F012FE65
:10839000F86803F0BDFA7B6918461837BD4680BD02
:1083A0001C14002034150020201400201814002074
:1083B00080B483B000AF78607B687A681A607B68AD
:1083C0007A685A6000BF0C37BD465DF8047B704781
:1083D00080B400AF054B1B68002BCCBF01230023EA
:1083E000DBB21846BD465DF8047B7047F4250020DB
:1083F00080B483B000AF0346FB71FB7903F0070341
:10840000002B14BF01230023DBB218460C37BD46F6
:108410005DF8047B704780B586B000AF78600023BC
:108420007B61FFF7D5FF0346002B09D1454B1B6845
:10843000002B05D07B68002B02D16FF028037DE074
:108440007B68002B02DD7B68202B02DD6FF01103BF
:1084500074E0FFF7BDFF0346002B0CD1394B1B68BE
:10846000002B08D0374B1B689B687A689A4202D170
:108470006FF0280362E07B68013B682202FB03F394
:10848000314A13443B6103F05DFAF8603B6993F8AD
:108490002730FB72FB7A1846FFF7AAFF0346002B32
:1084A00009D1FB7A002B02D16FF0290301E06FF0B4
:1084B00028037B612FE0234B1B683A699A4207D15E
:1084C000224B1B68012B03DD6FF018037B6122E058
:1084D0003B699B6B6FF00042934203D16FF02A031C
:1084E0007B6118E03B699B6B5A1C3B699A63FB7A82
:1084F000012B07D13869FFF775F93B69042283F82E
:10850000272008E0FB7A022B04D13B69062283F87E
:10851000272000E000BFFB68002B0BD1094B1A6835
:108520000B4B1B689A4205D0084B1B68002B01D1EE
:1085300003F040FDF86803F0EBF97B691846183743
:10854000BD4680BD1C1400203415002018140020E6
:108550002014002080B586B000AF786000237B61D6
:10856000FFF736FF0346002B09D1464B1B68002B53
:1085700005D07B68002B02D16FF028037DE07B687B
:10858000002B02DD7B68202B02DD6FF0110374E00D
:10859000FFF71EFF0346002B0CD13A4B1B68002B44
:1085A00008D0384B1B689B687A689A4202D16FF0FA
:1085B000280362E07B68013B682202FB03F3324A36
:1085C00013443B6103F0BEF9F8603B6993F8273030
:1085D000082B38D801A252F823F000BF0186000012
:1085E0000986000009860000478600001186000009
:1085F000478600002B8600004786000009860000A1
:108600006FF029037B6125E06FF028037B6121E097
:108610003B699B6B5A1E3B699A633B699B6B002BC2
:1086200015D13869FFF7C3F811E03B699B6B5A1EFF
:108630003B699A633B699B6B002B0AD13B69022221
:1086400083F8272005E06FF004037B6102E000BFA0
:1086500000E000BFFB68002B0BD10A4B1A680B4BE4
:108660001B689A4205D00A4B1B68002B01D103F00E
:10867000A1FCF86803F04CF97B6918461837BD4631
:1086800080BD00BF1C1400203415002020140020E1
:108690001814002080B586B000AF786000237B619D
:1086A000FFF796FE0346002B09D13E4B1B68002BBB
:1086B00005D07B68002B02D16FF028036EE07B6849
:1086C000002B02DD7B68202B02DD6FF0110365E0DB
:1086D000FFF77EFE0346002B0CD1324B1B68002BAC
:1086E00008D0304B1B689B687A689A4202D16FF0C1
:1086F000280353E07B68013B682202FB03F32A4A0C
:1087000013443B6103F01EF9F8603B6993F827308E
:10871000082B2CD801A252F823F000BF418700009B
:1087200049870000498700006F87000051870000DB
:108730006F8700005F8700006F8700004987000097
:108740006FF029037B6116E06FF028037B6112E074
:108750003B6900229A633869FFF729F80BE03B690F
:1087600000229A633B69022283F8272003E06FF01E
:1087700004037B6100BFFB68002B0BD1094B1A6817
:108780000A4B1B689A4205D0094B1B68002B01D18C
:1087900003F010FCF86803F0BBF87B691846183743
:1087A000BD4680BD1C14002034150020201400207C
:1087B0001814002080B584B000AF78600023BB603F
:1087C0007B68B3F1FF3F02DA6FF0100351E02B4BEF
:1087D0001B68002B0DD1FFF7FBFD0346002B08D1D2
:1087E000274B1B68002B04D003F09FF80346002B97
:1087F00002D06FF018033CE003F0A4F8F860204BBF
:108800001B685B6B002B05DD1D4B1B685A6B013A27
:108810005A631BE06FF03103BB607B68002B15D0FF
:10882000174B1B68174ADA62154B1B6800221A6344
:10883000134B1B6807F10802DA630021786801F026
:10884000E6FB0F4B1B681846FFF7B2FDFB68002BD9
:108850000BD10B4B1A680C4B1B689A4205D0074B87
:108860001B68002B01D103F0A5FBF86803F050F85A
:10887000BB6818461037BD4680BD00BF18140020E5
:108880001C140020C8C700002014002080B586B04A
:1088900000AF786000237B61FFF79AFD0346002B51
:1088A00009D13C4B1B68002B05D07B68002B02D103
:1088B0006FF028036AE07B68002B02DD7B68202BC9
:1088C00002DD6FF0110361E0FFF782FD0346002B2C
:1088D0000CD1304B1B68002B08D02E4B1B689B68BB
:1088E0007A689A4202D16FF028034FE07B68013B1F
:1088F000682202FB03F3284A13443B6103F022F889
:10890000F8603B6993F82730FB72FB7A1846FFF753
:108910006FFD0346002B09D1FB7A002B02D16FF0CB
:10892000290301E06FF028037B611CE0FB7A03F070
:108930000203002B08D03B69DB6A184A934203D13B
:10894000386901F012FB0EE03B695B6B6FF000428F
:10895000934203D16FF02A037B6104E03B695B6BB8
:108960005A1C3B695A63FB68002B0BD1094B1A68F0
:108970000B4B1B689A4205D00A4B1B68002B01D198
:1089800003F018FBF86802F0C3FF7B69184618373C
:10899000BD4680BD1C14002034150020C8C700004F
:1089A000201400201814002080B586B000AF786035
:1089B00000237B61FFF70CFD0346002B06D1274BFC
:1089C0001B68002B02D07B68002B08D07B68002B33
:1089D00002DD7B68202B02DD6FF0110339E07B683C
:1089E000002B07D07B68013B682202FB03F31C4A83
:1089F000134401E0194B1B683B6102F0A3FFF860D0
:108A00003B6993F82730002B02D0082B04D007E0F5
:108A10006FF029037B6109E06FF028037B6105E0BB
:108A20003B695B6B7B613B6900225A63FB68002BEF
:108A30000BD10A4B1A680B4B1B689A4205D00A4BA4
:108A40001B68002B01D103F0B5FAF86802F060FF53
:108A50007B6918461837BD4680BD00BF1C14002036
:108A600034150020201400201814002080B584B094
:108A700000AF78600023BB607B68002B02DA6FF0E8
:108A8000100343E0234B1B68002B0DD1FFF7A0FC24
:108A90000346002B08D1204B1B68002B04D002F0AA
:108AA00044FF0346002B02D06FF018032EE07B68D2
:108AB000002B2AD002F046FFF860174B1B68174ABC
:108AC000DA62154B1B6800221A63134B1B6807F10F
:108AD0000802DA630021786801F0CAFA0E4B1B68BD
:108AE0001846FFF765FCFB68002B0BD10A4B1A6890
:108AF0000B4B1B689A4205D0064B1B68002B01D11B
:108B000003F058FAF86802F003FFBB681846103704
:108B1000BD4680BD181400201C140020D4C70000DE
:108B20002014002080B483B000AF78607B687A683E
:108B30001A607B687A685A6000BF0C37BD465DF8E2
:108B4000047B704780B483B000AF786039603B68C5
:108B50005A687B685A607B683A681A603B685B6851
:108B60007A681A603B687A685A6000BF0C37BD4665
:108B70005DF8047B704780B483B000AF78607B6899
:108B80001B687A689A4209D07B685B687A681268C9
:108B90001A607B681B687A6852685A6000BF0C379D
:108BA000BD465DF8047B704780B485B000AF786047
:108BB0007B681B687A689A4201D100230BE07B68CE
:108BC0001B68FB60FB681A687B681A60FB681B689F
:108BD0007A685A60FB6818461437BD465DF8047B16
:108BE00070472DE9B00F85B000AF78607B681B68D7
:108BF000DA179A4693464FF000024FF000035346AF
:108C000000227968496800200C46054642EA0408BB
:108C100043EA0509C7E90289D7E902231046194644
:108C20001437BD46BDE8B00F704780B487B000AFC1
:108C3000F860C7E90023D7E900014FF000024FF0C8
:108C400000030A00CB1713463B613B687B61FB685E
:108C50001A4607F1100393E8030082E80300F8685E
:108C60001C37BD465DF8047B704780B483B000AF0D
:108C7000786039607A683B68D31ADB43DB0FDBB27C
:108C800018460C37BD465DF8047B704780B582B04E
:108C900000AF78607B681846FFF76DFF00BF0837AC
:108CA000BD4680BD80B400AF044B1B680133034A4E
:108CB000136000BFBD465DF8047B7047F4250020BB
:108CC00080B400AF044B1B68013B034A136000BF34
:108CD000BD465DF8047B7047F425002080B584B064
:108CE00000AF7860134BD3E900231346BB607B6869
:108CF000DA697B681B691344FB60F968B868FFF7A1
:108D0000B4FF0346002B10D07B68DB69BA68D21A27
:108D10007B681B69B2FBF3F301337A68126903FBCA
:108D200002F27B68DB691344FB60FB68184610376E
:108D3000BD4680BD1024002080B582B000AF7860B1
:108D400039607B6803F114007B68044A396800F0DD
:108D50009BFF00BF0837BD4680BD00BF6990000083
:108D600080B584B000AF78603960094BD3E9002347
:108D70003B6813440A33FB607B6803F110007B6897
:108D8000044AF96800F080FF00BF1037BD4680BD7F
:108D900010240020A1950000B0B584B000AF786029
:108DA0007B681B68002B02DA6FF0100321E002F0F1
:108DB000C9FDF8607868FFF714FF104BD3E9002372
:108DC000841A61EB03050E4BC3E90045FB68002BD9
:108DD0000BD10C4B1A680C4B1B689A4205D00B4BFD
:108DE0001B68002B01D103F0E5F8F86802F090FD54
:108DF000002318461037BD46B0BD00BF1024002028
:108E0000182400201C140020201400201814002016
:108E1000F0B587B000AFF86002F094FD7861164BB2
:108E2000D3E90001154BD3E90023841841EB030576
:108E3000FE68394622462B460846FFF7F6FE3246C4
:108E40003B4693E8030082E803007B69002B0BD1CB
:108E50000B4B1A680B4B1B689A4205D00A4B1B68D8
:108E6000002B01D103F0A6F8786902F051FD002330
:108E700018461C37BD46F0BD1024002018240020E1
:108E80001C14002020140020181400202DE9B043E9
:108E900086B000AF78607B681B68002B02DA6FF049
:108EA00010032CE07868FFF79CFE02460B4616493B
:108EB00012EB010843F16E09C7E9048902F042FD93
:108EC000F860124BD3E90023D7E90401841A61EB5F
:108ED00003050F4BC3E90045FB68002B0BD10D4B7D
:108EE0001A680D4B1B689A4205D00C4B1B68002B6F
:108EF00001D103F05FF8F86802F00AFD002318467C
:108F00001837BD46BDE8B0830004FB3710240020AD
:108F1000182400201C140020201400201814002005
:108F20002DE9B04388B000AFF86002F00BFDF861A6
:108F30001B4BD3E900011B4BD3E90023841841EB01
:108F40000305C7E90445FB69002B0BD1164B1A68D2
:108F5000164B1B689A4205D0154B1B68002B01D19C
:108F600003F028F8F86902F0D3FCD7E9042311498B
:108F700012EB010863F16E09FC68394642464B4624
:108F80000846FFF752FE22463B4693E8030082E87C
:108F90000300002318462037BD46BDE8B08300BF5C
:108FA00010240020182400201C140020201400206D
:108FB0001814002000FC04C890B587B000AFF8601A
:108FC00002F0C0FC7861124BD3E90023FC683946FB
:108FD0000846FFF72AFE22463B4693E8030082E854
:108FE00003007B69002B0BD10A4B1A680A4B1B68E4
:108FF0009A4205D0094B1B68002B01D102F0DAFF21
:10900000786902F085FC002318461C37BD4690BDE8
:10901000102400201C14002020140020181400200C
:1090200080B582B000AF0D48FFF77CFD0C4B3B6074
:109030000C4B7B6009E07B6800229A6007497868E6
:10904000FFF780FD7B6828337B607A683B689A4233
:10905000F1D3002318460837BD4680BDDC2200202E
:10906000DC2200203C22002080B582B000AF786076
:109070007868FFF733FE034619467868FFF75CFE11
:10908000002002F045FC7B689B687A6812681046F5
:10909000984702F057FC00BF0837BD4680BD80B539
:1090A00082B000AF78607868FFF718FE0346194673
:1090B0007868FFF741FEFFF7F5FD7B689B687A68EB
:1090C000126810469847FFF7FBFD00BF0837BD4602
:1090D00080BD80B588B000AF78600723BB610023F6
:1090E000FB617B685A68BB69DB431340002B02D0ED
:1090F0006FF00A0375E07B689B68002B02D16FF06C
:1091000010036EE07B68DB68002B02D16FF0100368
:1091100067E07B68DB68002B02DA6FF0100360E029
:1091200002F010FC78613148FFF73EFD38613B6981
:10913000002B03D16FF02103FB613FE07B681A68CD
:109140003B691A607B685A683B695A607B689A6819
:109150003B699A607B68DA683B691A61244BD3E902
:1091600000237B681B6913440A33FB607B685B68E0
:1091700003F00203002B12D03B690122DA607B6806
:109180001B69002B06D13B69FA68DA613869FFF781
:1091900086FF0AE0F9683869FFF7CEFD05E03B6914
:1091A0000022DA603B69FA68DA613B69114A9B1A6E
:1091B000DB10114A02FB03F30133FB617B69002BD7
:1091C0000BD10E4B1A680E4B1B689A4205D00D4B03
:1091D0001B68002B01D102F0EDFE786902F098FBCC
:1091E000FB6918462037BD4680BD00BFDC22002049
:1091F000102400203C220020CDCCCCCC1C1400201C
:10920000201400201814002080B586B000AF7860CC
:1092100000237B617B68002B02DD7B68042B02DD71
:109220006FF0110338E07B685A1E13469B0013440D
:10923000DB001B4A13443B6102F084FBF8603B698E
:109240009B68002B03D16FF029037B6111E03B6920
:10925000DB6803F00103002B04D03B69143318468C
:10926000FFF714FD0F493869FFF76CFC3B690022DA
:109270009A60FB68002B0BD10B4B1A680B4B1B68D9
:109280009A4205D00A4B1B68002B01D102F092FED6
:10929000F86802F03DFB7B6918461837BD4680BD73
:1092A0003C220020DC2200201C140020201400207E
:1092B0001814002080B588B000AF78600023BB612F
:1092C0007B68002B02DD7B68042B02DD6FF011034D
:1092D00065E07B685A1E13469B001344DB00324A4C
:1092E00013447B6102F02EFB38617B699B68002B85
:1092F00003D16FF02903BB613EE02C4BD3E900237F
:109300001346FB607B695B6803F00403002B18D0F5
:109310007B69DB6803F00103002B27D17B69DB69E4
:10932000FB61F969F868FFF7A0FC0346002B03D046
:109330007869FFF7D3FCF861F9697869FFF7FCFCFD
:1093400014E07B69DB6803F00103002B04D07B6928
:1093500014331846FFF79AFC7B691A69FB681344BB
:109360000A33FB61F9697869FFF7E6FC7B69DB6822
:1093700043F001027B69DA603B69002B0BD10C4B97
:109380001A680C4B1B689A4205D00B4B1B68002BCC
:1093900001D102F00FFE386902F0BAFABB69184633
:1093A0002037BD4680BD00BF3C2200201024002095
:1093B0001C140020201400201814002080B586B052
:1093C00000AF786000237B617B68002B02DD7B6847
:1093D000042B02DD6FF0110337E07B685A1E134641
:1093E0009B001344DB001B4A13443B6102F0AAFAC2
:1093F000F8603B699B68002B03D16FF029037B6108
:1094000010E03B69DB6803F00103002B04D03B69EB
:1094100014331846FFF73AFC3B69DB6823F001027E
:109420003B69DA60FB68002B0BD10B4B1A680B4BC6
:109430001B689A4205D00A4B1B68002B01D102F031
:10944000B9FDF86802F064FA7B6918461837BD4622
:1094500080BD00BF3C2200201C14002020140020EE
:109460001814002080B588B000AF78603960002300
:10947000BB617B68002B02DD7B68042B02DD6FF093
:1094800011035BE07B685A1E13469B001344DB000C
:109490002C4A13447B6102F055FA38617B699B6862
:1094A000002B03D16FF02903BB6134E07B69DB69DA
:1094B000FB61254BD3E900231346FB607B69DB6826
:1094C00003F00103002B0AD1F969F868FFF7CDFB1F
:1094D0000346002B03D07869FFF700FCF861FB68B6
:1094E0000A33F9691846FFF7C0FB0346002B02D088
:1094F0000023FB6104E0FA69FB68D31A0A3BFB61B5
:109500007B691A683B681A603B68FA695A607B6934
:10951000DA683B689A603B69002B0BD10B4B1A68E9
:109520000B4B1B689A4205D00A4B1B68002B01D1DC
:1095300002F040FD386902F0EBF9BB6918462037AC
:10954000BD4680BD3C220020102400201C140020B9
:10955000201400201814002080B582B000AF0D4800
:10956000FFF7E0FA0C4B3B600C4B7B6009E07B683B
:1095700000229A6007497868FFF7E4FA7B68243391
:109580007B607A683B689A42F1D30023184608371B
:10959000BD4680BD0424002004240020E4220020D5
:1095A00080B582B000AF78607B68DB6823F0010291
:1095B0007B68DA60002002F0ABF97B689B687A6810
:1095C00012681046984702F0BDF900BF0837BD4643
:1095D00080BD80B586B000AF786001233B61002379
:1095E0007B617B685A683B69DB431340002B02D0E8
:1095F0006FF00A033FE07B689B68002B02D16FF09D
:10960000100338E002F09EF9F8601D48FFF7CCFA2D
:10961000B860BB68002B03D16FF021037B6117E0BA
:109620007B681A68BB681A607B685A68BB685A60B6
:109630007B689A68BB689A60BB680022DA60BB6886
:10964000104A9B1A9B10104A02FB03F301337B6103
:10965000FB68002B0BD10D4B1A680D4B1B689A420F
:1096600005D00C4B1B68002B01D102F0A3FCF8685D
:1096700002F04EF97B6918461837BD4680BD00BF21
:1096800004240020E4220020398EE3381C1400203A
:10969000201400201814002080B586B000AF786038
:1096A00000237B617B68002B02DD7B68082B02DDD9
:1096B0006FF0110338E07B685A1E1346DB00134439
:1096C0009B001B4A13443B6102F03CF9F8603B6984
:1096D0009B68002B03D16FF029037B6111E03B698C
:1096E000DB6803F00103002B04D03B6910331846FC
:1096F000FFF7CCFA0F493869FFF724FA3B690022DB
:109700009A60FB68002B0BD10B4B1A680B4B1B6844
:109710009A4205D00A4B1B68002B01D102F04AFC8B
:10972000F86802F0F5F87B6918461837BD4680BD29
:10973000E4220020042400201C1400202014002017
:109740001814002080B582B000AF78607B68DB68B9
:1097500023F001027B68DA60FFF7A4FA7B689B685C
:109760007A68126810469847FFF7AAFA00BF0837D0
:10977000BD4680BD80B586B000AF786039600023FB
:109780007B617B68002B02DD7B68082B02DD6FF0BC
:10979000110348E03B68002B02DA6FF0100342E04F
:1097A0007B685A1E1346DB0013449B00204A134477
:1097B0003B6102F0C7F8F8603B699B68002B03D15E
:1097C0006FF029037B611BE03B69DB6803F0010359
:1097D000002B04D03B6910331846FFF757FA3B685B
:1097E000002B0AD039683869FFF7BAFA3B69DB68A1
:1097F00043F001023B69DA6002E03869FFF7A2FF3B
:10980000FB68002B0BD10B4B1A680B4B1B689A4261
:1098100005D00A4B1B68002B01D102F0CBFBF86886
:1098200002F076F87B6918461837BD4680BD00BF48
:10983000E42200201C140020201400201814002012
:1098400080B586B000AF786000237B617B68002B19
:1098500002DD7B68082B02DD6FF0110337E07B68C7
:109860005A1E1346DB0013449B001B4A13443B6102
:1098700002F068F8F8603B699B68002B03D16FF039
:1098800029037B6110E03B69DB6803F00103002BD7
:109890000AD03B6910331846FFF7F8F93B69DB68DB
:1098A00023F001023B69DA60FB68002B0BD10B4B04
:1098B0001A680B4B1B689A4205D00A4B1B68002B99
:1098C00001D102F077FBF86802F022F87B691846B4
:1098D0001837BD4680BD00BFE42200201C140020C4
:1098E000201400201814002080B588B000AF7860E4
:1098F00039600023BB617B68002B02DD7B68082B8D
:1099000002DD6FF0110353E07B685A1E1346DB0043
:1099100013449B00284A13447B6102F013F838611A
:109920007B699B68002B03D16FF02903BB612CE09E
:10993000224BD3E900231346FB607B69DB6803F00D
:109940000103002B14D07B699B69FB61FB680A3320
:10995000F9691846FFF789F90346002B02D0002366
:10996000FB6107E0FA69FB68D31A0A3BFB6101E07F
:109970000023FB617B691A683B681A603B68FA69DF
:109980005A607B69DA683B689A603B69002B0BD1AF
:109990000B4B1A680B4B1B689A4205D00A4B1B688D
:1099A000002B01D102F006FB386901F0B1FFBB6961
:1099B00018462037BD4680BDE42200201024002038
:1099C0001C140020201400201814002080B483B040
:1099D00000AF786039607B683A681A6000BF0C3766
:1099E000BD465DF8047B704780B483B000AF7860FB
:1099F0007B681B6818460C37BD465DF8047B7047D2
:109A000080B483B000AF78607B687A681A607B6846
:109A10007A685A6000BF0C37BD465DF8047B70471A
:109A200080B483B000AF78607B681B687A689A4224
:109A30000CBF01230023DBB218460C37BD465DF88E
:109A4000047B704780B483B000AF786039603B68B6
:109A50005A687B685A607B683A681A603B685B6842
:109A60007A681A603B687A685A6000BF0C37BD4656
:109A70005DF8047B704780B483B000AF78607B688A
:109A80001B687A689A4209D07B685B687A681268BA
:109A90001A607B681B687A6852685A6000BF0C378E
:109AA000BD465DF8047B704780B483B000AF78603A
:109AB00039607A683B68D31ADB43DB0FDBB21846A8
:109AC0000C37BD465DF8047B704780B582B000AFAF
:109AD00001F038FF786006210948FFF777FF094B4E
:109AE0003B6039680848FFF771FF07210448FFF71A
:109AF0006DFF786801F00CFF00BF0837BD4680BDE0
:109B000010E000E0FFC3090014E000E080B500AF02
:109B10000448FFF769FF4FF000710348FFF756FF55
:109B200000BF80BD10E000E004ED00E080B400AFB5
:109B300000BFBD465DF8047B704780B500AF0021D3
:109B40000248FFF743FF00BF80BD00BF10E000E008
:109B500080B500AF0A494FF000024FF00003C1E9A1
:109B60000023074BD3E900230649C1E90023064837
:109B7000FFF746FFFFF7A9FF0023184680BD00BF8F
:109B800018240020102400202024002080B500AFDD
:109B9000FFF7D3FF00BF80BD80B584B000AF786011
:109BA000134BD3E90023134603F100430133BB6099
:109BB000104B1B68FB600CE07B689A68BB68D21A8C
:109BC000FB689968BB68CB1A9A4207D3FB681B688D
:109BD000FB60FB68074A9342EED100E000BF7B6860
:109BE000F9681846FFF72EFF00BF1037BD4680BD4D
:109BF000102400202024002080B584B000AFF8603D
:109C0000B9607A603B60FB687A68DA60FB683A6842
:109C10001A61BB68B3F1FF3F04D1FB681846FFF738
:109C2000EFFE0BE0074BD3E90023BB68134403F1BD
:109C30000A02FB689A60F868FFF7AEFF00BF1037B2
:109C4000BD4680BD1024002080B584B000AFF86010
:109C5000B9607A603B60FB687A68DA60FB683A68F2
:109C60001A61084BD3E90023BB68134403F10A02CD
:109C7000FB689A60F868FFF78FFF00BF1037BD469A
:109C800080BD00BF1024002080B584B000AFF86014
:109C9000B9607A603B60FB687A68DA60FB683A68B2
:109CA0001A61FB68BA689A60F868FFF775FF00BF31
:109CB0001037BD4680BDB0B584B000AFFFF726FFBA
:109CC00001F040FEF860254BD3E9002312F10A04AD
:109CD00043F10005214BC3E90045204BD3E90023A4
:109CE0001346BB6019E01E4B1B687B607B689B685A
:109CF0001946B868FFF7D8FE0346002B14D07B68DE
:109D00001846FFF7B8FE7B68DB68002B05D07B6840
:109D1000DB687A681269104698471148FFF780FEA1
:109D20000346002BDFD000E000BFFB68002B0BD107
:109D30000C4B1A680C4B1B689A4205D00B4B1B68E6
:109D4000002B01D102F036F9F86801F0E1FDFFF7D0
:109D5000EDFE00BF1037BD46B0BD00BF102400208F
:109D6000202400201C14002020140020181400209F
:109D700080B582B000AFFDF79EFC78607B68002B59
:109D800001DA7B6848E0FDF713F878607B68002B08
:109D900001DA7B6840E0F9F7B0F978607B68002B66
:109DA00001DA7B6838E0F9F74BFF78607B68002BBD
:109DB00001DA7B6830E0FBF7C8FD78607B68002B38
:109DC00001DA7B6828E0FCF773FB78607B68002B86
:109DD00001DA7B6820E0FBF772F878607B68002B83
:109DE00001DA7B6818E0FAF7C3FC78607B68002B27
:109DF00001DA7B6810E0FFF713F978607B68002BCD
:109E000001DA7B6808E0FFF7A7FB78607B68002B2E
:109E100001DA7B6800E0002318460837BD4680BDA4
:109E200080B483B000AF78607B681B687A689A4220
:109E30000CBF01230023DBB218460C37BD465DF88A
:109E4000047B704780B483B000AF786039603B68B2
:109E50005A687B685A607B683A681A603B685B683E
:109E60007A681A603B687A685A6000BF0C37BD4652
:109E70005DF8047B704780B483B000AF78607B6886
:109E80001B687A689A4209D07B685B687A681268B6
:109E90001A607B681B687A6852685A6000BF0C378A
:109EA000BD465DF8047B704780B582B000AF786036
:109EB0007B681846FFF7DFFF00BF0837BD4680BD4F
:109EC00080B588B000AF786039603B68BB61BB6922
:109ED0007B617B6893F82630FB742623FB607B69EB
:109EE0001B68FB6109E0FB68FA6913441B78FA7C84
:109EF0009A4207D3FB691B68FB61FA69BB699A4206
:109F0000F1D100E000BF7B68F9691846FFF79AFFBE
:109F100000BF2037BD4680BD80B582B000AF7860FD
:109F20007B6893F82730022B03D17868FDF73FFC5C
:109F300003E07B68042283F8272000BF0837BD4672
:109F400080BD80B582B000AF78607B684C33184626
:109F5000FFF7AAFF7B681846FFF78DFF7868FFF7C9
:109F6000DBFF00BF0837BD4680BD80B582B000AFC3
:109F700078607868FFF7E5FF7B68DB6B00221A608A
:109F800000BF0837BD4680BD80B582B000AF7860A5
:109F900039607868FFF7D5FF7B68DB6B3A681A6039
:109FA00000BF0837BD4680BD80B582B000AF786085
:109FB00039607868FFF7C5FF7B68DB6A9B68002B18
:109FC00004D07B68DB6A9B68786898477B68DB6BAA
:109FD0003A681A6000BF0837BD4680BD80B582B0C0
:109FE00000AF78607B681846FFF745FF7868FFF799
:109FF00093FF7B68DB6A9B68002B04D07B68DB6A7D
:10A000009B687868984700BF0837BD4680BD80B51B
:10A0100082B000AF78603960134B1B6893F827302B
:10A02000012B02D0042B0BD010E00F4B1B681846FD
:10A03000FDF7D8FB0C4B1B68022283F8272005E0B4
:10A04000094B1B68062283F8272000BF064B1B68BC
:10A0500003F14C00044B1B68044A7968FFF7CCFD00
:10A0600000BF0837BD4680BD1C140020DD9F0000E6
:10A0700080B582B000AF78603960144B1B6893F8EC
:10A080002730012B02D0042B0BD010E00F4B1B68A4
:10A090001846FDF7A7FB0D4B1B68022283F827200B
:10A0A00005E00A4B1B68062283F8272000BF074BF8
:10A0B0001B6803F14C00054B1B68054A7968FFF7E4
:10A0C000C3FD00BF0837BD4680BD00BF1C14002083
:10A0D000DD9F000080B584B000AF78600AE07B6847
:10A0E0001B68FB60F868FFF72CFFFB68DB6B6FF009
:10A0F00032021A607868FFF793FE0346002BEED019
:10A1000000BF00BF1037BD4680BD80B582B000AF34
:10A1100078607868FFF784FE0346002B01D00023A7
:10A1200002E07B681B689B6818460837BD4680BD07
:10A1300080B582B000AF78603960174B1B68DB6B6D
:10A140006FF031021A603B68002B20D0124B1B6865
:10A150007A6892681A637B681B6919463868FFF74A
:10A1600056FF7B681B6903F00103002B07D00A4BE5
:10A170001B687A6811461846FFF7A2FE07E0064BF7
:10A180001B681A467B6819461046FFF75BFE00BF46
:10A190000837BD4680BD00BF1C14002080B582B0CA
:10A1A00000AF786039603B681846FFF764FE7B6853
:10A1B00019463868FFF784FE00BF0837BD4680BDEA
:10A1C00080B584B000AF786039607B681846FFF7CF
:10A1D00027FE0346002B01D03B6815E07B681B6817
:10A1E000FB607B681B6903F00103002B01D1FB6856
:10A1F0000AE03B6893F82620FB6893F826309A42E1
:10A2000001D23B6800E0FB6818461037BD4680BDB0
:10A2100080B582B000AF01F095FBF5F771FFFAF75A
:10A22000BDF978607B68002B03DA2548F5F7E2FF7B
:10A2300044E001F06FFC78607B68002B03DA214872
:10A24000F5F7D8FF3AE002F028F878607B68002B39
:10A2500003DA1D48F5F7CEFF30E0FFF789FD78609F
:10A260007B68002B03DA1948F5F7C4FF24E0FFF7F9
:10A270006FFC78607B68002B03DA1548F5F7BAFFAE
:10A280001AE01448FDF7EEFB78607B68002B0EDBCC
:10A2900000217868FDF71CFD78607B68002B02DBED
:10A2A00001F071FE06E00C48F5F7A4FF02E00B4850
:10A2B000F5F7A0FFFFF76AFC01F07AFCFEE700BFAC
:10A2C000E0C70000F8C7000010C800002CC800005C
:10A2D00050C80000B8C8000070C8000094C8000052
:10A2E00080B500AFFFF752FC01F062FCFEE700BF53
:10A2F00080B582B000AFF7F73DFD78607B68002B3A
:10A3000001DA7B6803E001F00DFC78607B68184699
:10A310000837BD4680BD80B582B000AF786001F0DF
:10A3200012FC7B68002B02DB0748F5F763FF7B68B4
:10A33000002B02DA786801F040FCFFF7D1FF00BF84
:10A340000837BD4680BD00BFD0C8000080B582B0D0
:10A3500000AF01237B60FFF7CBFF38603B68002B29
:10A360000BDB002203210A48F6F702FB7B68002B77
:10A3700006DD02F069F8786002E00648F5F73AFF7A
:10A380007868FFF7C8FF00BF0837BD4680BD00BF33
:10A39000E8C800000CC9000080B586B000AFF860C6
:10A3A000B9607A607B681B6B002B01D1002311E040
:10A3B0007B6804331846F6F76FFB7B681B6B7A6883
:10A3C000B968F868984778617B6804331846F6F7EF
:10A3D00079FB7B6918461837BD4680BD80B586B0CD
:10A3E00000AFF860B9607A607B685B6B002B01D1CD
:10A3F000002311E07B6804331846F6F74DFB7B68B9
:10A400005B6B7A68B968F868984778617B68043351
:10A410001846F6F757FB7B6918461837BD4680BDCE
:10A4200080B586B000AFF860B9607A60FB681B7BCE
:10A4300003F00F03DBB2012B02D17B689B6B01E0C1
:10A440007B68DB6B7B617B69002B02D16FF00803BB
:10A450001DE0FB681B69002B06DB7B68DB6A002BB9
:10A4600002DC6FF0080312E07B6804331846F6F74D
:10A4700029FB7B697968F868984738617B68043301
:10A480001846F6F71FFBFB683A691A620023184664
:10A490001837BD4680BD80B485B000AFF860B960A4
:10A4A0007A603B60002318461437BD465DF8047B94
:10A4B000704780B485B000AFF860B9607A603B60E7
:10A4C000002318461437BD465DF8047B704780B5FD
:10A4D00086B000AFF860B9607A607B681B6C002BB7
:10A4E00001D1002311E07B6804331846F6F7D4FA53
:10A4F0007B681B6C7A68B968F868984778617B68F4
:10A5000004331846F6F7DEFA7B6918461837BD465D
:10A5100080BDB0B592B000AFF860B9607A604420F9
:10A52000F6F758FC38643B6C002B03D16FF0200326
:10A530007B6454E03B6CFA6803F1100415460FCDC0
:10A540000FC40FCD0FC40FCD0FC42B6823603B6C1D
:10A550001A1DFB68043319461046F6F7C7FA7864EB
:10A560007B6C002B37DB3B6C7B61FB681B69BB6141
:10A57000FB685B69FB61FB689B693B62FB68DB69AD
:10A580007B62194BBB62194BFB62194B3B63194B46
:10A590007B63194BBB63194BFB633B6C143307F1B3
:10A5A0001401BA681846F7F793F878647B6C002BAF
:10A5B0000ADB3B6C7A6C1A607B68002B02D07B68EC
:10A5C0003A6C1A6000230BE000BF3B6C0433184662
:10A5D000F6F7CAFA00E000BF386CF6F723FC7B6C94
:10A5E00018464837BD46B0BD99A30000DDA3000062
:10A5F00021A4000097A40000B3A40000CFA4000091
:10A6000080B584B000AF78607B68143300220021ED
:10A610001846F7F75DF8F860FB68002B09DD7B68EA
:10A6200004331846F6F7A0FA7868F6F7FBFB002328
:10A63000FB60FB6818461037BD4680BD80B483B010
:10A6400000AF78607B6800229A607B6800225A60C5
:10A650007B685A687B681A6000BF0C37BD465DF89E
:10A66000047B704780B584B000AF78603960194AC8
:10A670007B6852F823302833FB60FB681A68FB685C
:10A680005B689A4221D0FB685B68FA6813441B7BC5
:10A690001A463B681A60FB685B685A1CFB685A6084
:10A6A000FB685B68312B02D9FB6800225A60FB68AB
:10A6B0009B68002B07D0FB689B681846FEF7E6F8FE
:10A6C000FB6800229A60012300E00023184610373F
:10A6D000BD4680BDF025002080B584B000AF786015
:10A6E00039601A4A7B6852F823306833BB60BB6814
:10A6F0001B680133FB60FB68312B01DD0023FB602D
:10A70000BB685A68FB689A420BD0BB681B683A6802
:10A71000D1B2BA6813440A461A73FA68BB681A6061
:10A7200003E08021786800F013F8BB689B68002B79
:10A7300007D0BB689B681846FEF7A8F8BB680022E4
:10A740009A6000BF1037BD4680BD00BFF0250020D5
:10A7500080B483B000AF78603960094A7B6852F8F2
:10A7600023305969064A7B6852F823303A680A4315
:10A770005A6100BF0C37BD465DF8047B704700BFCF
:10A78000F025002080B483B000AF78607B681B693F
:10A79000B3F1FF3F11D0002B1BDA13F1640F18DC6B
:10A7A00013F1650F0DDA13F1680F0AD013F1680F7A
:10A7B0000FDB6733012B0CD807E07B680422DA61DA
:10A7C0000AE07B680422DA6106E07B680422DA6131
:10A7D00002E06FF0100300E0002318460C37BD467E
:10A7E0005DF8047B704780B584B000AF7860396055
:10A7F0003868FFF7C7FFF860FB68002B01D0FB68E3
:10A8000052E03B685B69002B4CD03B681B6913F13D
:10A81000640F13DC13F1680F40DB6833042B3DD861
:10A8200001A252F823F000BF7FA8000073A8000027
:10A8300067A800005BA800004FA80000B3F1FF3F2D
:10A840002CD13B689B697A6892681A602BE03B6860
:10A850009B697A68D2681A6025E03B689B697A68D0
:10A8600012691A601FE03B689B697A6892691A60F6
:10A8700019E03B689B697A68D2691A6013E001F0BD
:10A8800061F8B8603B689B697A6852691A607B68B6
:10A8900000225A61B86801F03BF804E06FF0100341
:10A8A000FB6000E000BFFB6818461037BD4680BD66
:10A8B00080B584B000AF786039603868FFF762FF18
:10A8C000F860FB68002B01D0FB6861E03B685B69C6
:10A8D000002B5BD03B681B6913F1640F14DC13F190
:10A8E000690F4FDB6933052B4CD801A252F823F0D6
:10A8F0006FA9000085A9000063A9000057A9000006
:10A9000039A900001BA90000B3F1FF3F3AD13B6811
:10A910009B691A687B689A6039E03B689B691A6892
:10A920007B68DA607B6818687B68DB681A46002100
:10A9300000F00CFCF8602AE03B689B691A687B68B1
:10A940001A617B6818687B681B691A46012100F050
:10A95000FDFBF8601BE03B689B691A687B689A61A5
:10A9600015E03B689B691A687B68DA610FE07B68D9
:10A9700018683B689B691B681A46052100F0E6FBD6
:10A98000F86004E06FF01003FB6000E000BFFB68BC
:10A9900018461037BD4680BD80B588B000AF7860DE
:10A9A00039607B686833FB60FB685B68FB613B6810
:10A9B0009B69BB613B685B697B6100233B617B6991
:10A9C000002B46D039E07B681B6A184600F089FDF1
:10A9D000FB681B68FA699A421BD0FA69531CFB6139
:10A9E000BB69591CB961F9680A44127B1A70FB698A
:10A9F000312B01D90023FB61FB68FA695A607B683F
:10AA00001B6A0521184600F05FFD7B69013B7B61F5
:10AA100013E0FDF7C9FB0246FB689A607B681B6A7E
:10AA20000521184600F050FD7B68DB691846FDF7EC
:10AA3000C1FE38613B69002B03D17B69002BC2D179
:10AA400000E000BF3B685A697B69D21A3B68DA6153
:10AA50000EE0FB681A68FB685B68D31A7B617B6950
:10AA6000002B02DA7B6932337B613B687A69DA61F9
:10AA70003B6918462037BD4680BD80B588B000AF21
:10AA8000786039607B682833BB603B689B69BB6139
:10AA90003B685B697B6100233B617B69002B68D06D
:10AAA0005BE0BB681B680133FB61FB69312B01D99B
:10AAB0000023FB617B685B6A184600F012FDBB68EF
:10AAC0005B68FA699A4234D00023FB60BB681A685D
:10AAD000BB685B689A420ED17B681868BB691B78BB
:10AAE0001A46042100F032FB0346002B0CBF012361
:10AAF0000023DBB2FB60FB68002B03D0BB69013392
:10AB0000BB610CE0BB695A1CBA61BA68126819785B
:10AB1000BB6813440A461A73BB68FA691A607B68FB
:10AB20005B6A0521184600F0CFFC7B69013B7B6125
:10AB300013E0FDF739FB0246BB689A607B685B6AED
:10AB40000521184600F0C0FC7B689B691846FDF79C
:10AB500031FE38613B69002B03D17B69002BA0D10A
:10AB600000E000BF3B685A697B69D21A3B68DA6132
:10AB70001BE07B685B6A184600F0B3FCBB681A6890
:10AB8000BB685B68D31A7B617B685B6A05211846EA
:10AB900000F09AFC7B69002B02DA7B6932337B611F
:10ABA0007B69C3F132023B68DA613B6918462037A2
:10ABB000BD4680BD80B586B000AFF860B9607A60F0
:10ABC0007B681B697B617B69BA685A607B69283343
:10ABD0001846FFF733FD7B6968331846FFF72EFDF3
:10ABE0007B691B6800220221184600F0AFFA386129
:10ABF0003B6918461837BD4680BD80B586B000AFAA
:10AC0000F860B9607A607B681B697B617B691B684F
:10AC100000220321184600F099FA38613B69184672
:10AC20001837BD4680BD80B584B000AF786039600C
:10AC30003B681B69BB607B681B69002B0FDBBB6833
:10AC40005B6803F00103002B05D07968B868FFF753
:10AC5000A3FEF86008E06FF01A03FB6004E0796877
:10AC6000B868FFF7C0FDF860FB6818461037BD46AE
:10AC700080BD80B584B000AF786039603B681B69E7
:10AC8000BB607B681B69002B0FDBBB685B6803F054
:10AC90000203002B05D07968B868FFF7EEFEF86074
:10ACA00008E06FF01A03FB6004E07968B868FFF70A
:10ACB000FFFDF860FB6818461037BD4680BD80B4C4
:10ACC00085B000AFF860B9607A606FF0080318468D
:10ACD0001437BD465DF8047B704780B594B000AF73
:10ACE00078607B68002B02D06FF0100381E0A82011
:10ACF000F6F770F8B864BB6C002B02D16FF020033C
:10AD000077E03E497B68BA6C41F82320BB6CBB609E
:10AD10000023BB610023FB6100233B6201237B62B4
:10AD2000374BBB62374BFB62374B3B63374B7B6325
:10AD3000374BBB6307F10803043336491846F6F76F
:10AD4000FBF83448F6F7E7F878647B68DBB26133E8
:10AD5000D9B207F10C027B6C13440A461A707B6C63
:10AD6000013350333B44002203F8442C07F13C02EA
:10AD700007F1400107F108031846FFF7CAFBF86422
:10AD8000FB6C002B30D1BB6C7A681A603A6CBB6CE0
:10AD90009A60B86C00F03CFAF864FB6C002B1DD193
:10ADA000BB6C4FF4E1321A614FF4E1320121786853
:10ADB00000F0CCF9BB6C4FF00112DA604FF00112D9
:10ADC0000021786800F0C2F9BB6C4FF0FF329A6145
:10ADD000BB6C4FF0FF32DA6100230AE000BFFB6B6F
:10ADE0001846FFF70DFC00E000BFB86CF6F71AF844
:10ADF000FB6C18465037BD4680BD00BFF0250020D3
:10AE0000B5AB0000FBAB000027AC000073AC00004A
:10AE1000BFAC000028C9000080B483B000AF7860E8
:10AE200039607B683A681A6000BF0C37BD465DF830
:10AE3000047B704780B483B000AF78607B681B6888
:10AE400018460C37BD465DF8047B704780B586B068
:10AE500000AF786000233B610FE03B691B01474A6C
:10AE600013447B617B691B681B0B03F03F037A680B
:10AE70009A4206D03B6901333B613B69002BECD021
:10AE800000E000BF3B69002B74D115E07B691B68B3
:10AE900003F5847300211846FFF7BEFF7B691B682A
:10AEA00003F5A3631846FFF7C5FF0346FB60FB6885
:10AEB00019463869FFF710FC7B691B6803F584733A
:10AEC0001846FFF7B7FF0346002BDFD17B691B68ED
:10AED00003F58E731846FFF7ADFF0346002B20D015
:10AEE0007B691B6803F58E7300211846FFF794FFFA
:10AEF00007F10C0319463869FFF7B4FB0346002B32
:10AF00000CD07B691B6803F21C53FA681146184683
:10AF1000FFF782FF7B690022DA6002E07B69012291
:10AF2000DA607B691B6803F592731846FFF782FFAE
:10AF30000346002B1FD07B691B6803F59273002129
:10AF40001846FFF769FF7B691B6803F59063184695
:10AF5000FFF770FF0346FB607B691B6803F5906396
:10AF600000211846FFF758FFFB6819463869FFF7BC
:10AF7000EFFB00E000BF1837BD4680BD0001002098
:10AF800080B582B000AF78607B681B6803F5807382
:10AF900000211846FFF740FF7B681B6803F58273AA
:10AFA00000211846FFF738FF7B681B6803F58473A0
:10AFB00000211846FFF730FF7B681B6803F58E738E
:10AFC00000211846FFF728FF7B681B6803F5927382
:10AFD00000211846FFF720FF7B681B6803F5A2736A
:10AFE00000211846FFF718FF7B681B6803F2245204
:10AFF0007B689B6819461046FFF70EFF7B681B684D
:10B0000003F26C527B685B689BB219461046FFF7EF
:10B0100003FF7B685B6803F48033002B08D07B68F8
:10B020001B6803F5007318211846FFF7F5FE07E0CB
:10B030007B681B6803F5007300211846FFF7ECFEE0
:10B040007B680122DA607B681B6803F5906300214E
:10B050001846FFF7E1FE7B681B6803F541734FF468
:10B0600021711846FFF7D8FE7B681B680833012161
:10B070001846FFF7D1FE7B681B6801211846FFF7D1
:10B08000CBFE00BF0837BD4680BD80B582B000AFA3
:10B0900078607B680022DA607B680F4A93420DD0AB
:10B0A0007B681B68043301211846FFF7B5FE7B68F7
:10B0B0001B680C3301211846FFF7AEFE7B681B6846
:10B0C00003F542734FF0FF311846FFF7A5FE00BFAE
:10B0D0000837BD4680BD00BF0001002080B5A8B084
:10B0E00000AF78603960184A07F10C0311469022CE
:10B0F000184601F0E1F90023C7F89C3019E0D7F8B1
:10B100009C30DB00A0333B4453F8943C3A689A42AD
:10B110000AD1D7F89C30DB00A0333B4453F8902C85
:10B120007B689A6000230AE0D7F89C300133C7F8A7
:10B130009C30D7F89C30112BE1D96FF010031846E2
:10B14000A037BD4680BD00BF2CC9000080B586B0C9
:10B1500000AFF860B9607A60FB681B012B4A1344AA
:10B160003B6100237B61BB68052B4AD801A252F8E2
:10B1700023F000BF8DB1000095B10000A1B1000027
:10B18000BBB10000D3B10000FBB100003B697A689D
:10B190005A6036E079683869FFF7A0FF786130E0DF
:10B1A0003869FFF7EDFE3B691B681B0B03F03F039B
:10B1B0000521184600F088F923E03B691B681B0B4A
:10B1C00003F03F03184600F08CF93869FFF75DFF84
:10B1D00017E03B69DB68002B0BD03B690022DA608B
:10B1E0003B691B6803F21C5379681846FFF714FE8D
:10B1F00007E06FF040037B6103E06FF008037B61C1
:10B2000000BF7B6918461837BD4680BD000100208D
:10B2100080B586B000AF78607B681B681B01184A58
:10B2200013447B61174A07F1080392E8030083E89F
:10B2300003007B691B6803F5A06304211846FFF730
:10B24000EBFD7869FFF721FF7B691B681B0B03F09F
:10B250003F027B685A627B685A6A7B681A627B6924
:10B260001B681B0B03F03F0307F108021146184649
:10B27000F8F71CFA38613B6918461837BD4680BD9F
:10B2800000010020BCC9000080B483B000AF78602A
:10B2900039607B683A681A6000BF0C37BD465DF8BC
:10B2A000047B704780B483B000AF78607B681B6814
:10B2B00018460C37BD465DF8047B704780B582B0F8
:10B2C00000AF7860396014E000210F48FFF7DCFF21
:10B2D0007B685A1C7A601B7819460C48FFF7D4FF2C
:10B2E00000BF0948FFF7DEFF034603F00103002B10
:10B2F000F7D03B685A1E3A60002BE5DC00BF00BF68
:10B300000837BD4680BD00BF1C2100401C25004001
:10B3100080B582B000AF7860396015E000BF0F489B
:10B32000FFF7C0FF034603F00103002BF7D0002115
:10B330000A48FFF7A9FF0A48FFF7B4FF01467B68F8
:10B340005A1C7A60CAB21A703B685A1E3A60002BC7
:10B35000E4DC00BF00BF0837BD4680BD08210040C7
:10B360001825004080B500AF04212148FFF78CFF6D
:10B3700001212048FFF788FF01211F48FFF784FFC4
:10B380004FF0FF311D48FFF77FFF1D491D48FFF7B4
:10B390007BFF00211C48FFF777FF00211B48FFF7C8
:10B3A00073FF00211A48FFF76FFF00211948FFF7CC
:10B3B0006BFF00211848FFF767FF00211748FFF7D0
:10B3C00063FF00211648FFF75FFF00211548FFF7D4
:10B3D0005BFF00211448FFF757FF01211348FFF7D7
:10B3E00053FF01211248FFF74FFF00BF80BD00BF90
:10B3F00000250040042000400C20004008230040AD
:10B4000000E0D701242500406C25004000220040C8
:10B410008024004000210040042100400821004019
:10B420001C21004024210040442100400020004015
:10B430000820004080B483B000AF78607B6803F0E0
:10B440001F027B685B099900054B0B4419460123D9
:10B4500093400B6000BF0C37BD465DF8047B70471E
:10B4600080E100E080B483B000AF78607B6803F0D7
:10B470001F027B685B099900054B0B4419460123A9
:10B4800093400B6000BF0C37BD465DF8047B7047EE
:10B4900080E200E080B483B000AF78607B685B0935
:10B4A0009A00084B13441A687B6803F01F030121BC
:10B4B00001FA03F3134018460C37BD465DF8047BD0
:10B4C000704700BF80E200E080B582B000AF7860D6
:10B4D00039603968786800F068FA00BF0837BD46FF
:10B4E00080BD80B582B000AF78607868FFF7A2FFBA
:10B4F00000BF0837BD4680BD80B582B000AF786020
:10B500007868FFF7AFFF00BF0837BD4680BD80B445
:10B5100083B000AF786000BF0C37BD465DF8047B98
:10B52000704780B582B000AF78607868FFF7B2FFEF
:10B53000034618460837BD4680BD80B483B000AFCF
:10B540007860396000BF0C37BD465DF8047B7047FA
:10B5500080B483B000AF786039607B683A681A6065
:10B5600000BF0C37BD465DF8047B704780B483B0E4
:10B5700000AF78607B681B6818460C37BD465DF8E5
:10B58000047B704780B483B000AF78607B68002B89
:10B5900002D07B68052B01D9002307E07B685A1E87
:10B5A00013465B0013449B00034A134418460C37B0
:10B5B000BD465DF8047B70471001002080B584B063
:10B5C00000AF78600023BB6012E0BA6813465B00EE
:10B5D00013449B00164A1344FB60FB681B681B0B5B
:10B5E00003F03F037A689A4206D0BB680133BB6020
:10B5F000BB68042BE9DD00E000BFBB68042B12DC54
:10B60000FB681B6803F5A07300211846FFF7A0FF35
:10B61000FB685B68002B07D0FB685B68FA68926880
:10B620001046984700E000BF1037BD4680BD00BF00
:10B630001001002080B58AB000AFF860B9607A6070
:10B640007B68002B05D07B68012B02D06FF01003C4
:10B65000B5E0BB68002B02D16FF01003AFE0F868D3
:10B66000FFF790FF78627B6A002B02D16FF0100326
:10B67000A5E07B6A1B68043301211846FFF768FFC9
:10B680007B6A1B6803F542734FF47C111846FFF781
:10B690005FFF7B6A1B6803F5A26300211846FFF772
:10B6A00057FF7B6A1B6803F5A16303211846FFF768
:10B6B0004FFF7B6A1B6803F2045300211846FFF713
:10B6C00047FF7B6A1B680C3301211846FFF740FFD8
:10B6D0007B6A1B6803F5A863B9681846FFF738FF53
:10B6E0007B68002B09D17B6A1B6803F5007340F26D
:10B6F00001111846FFF72CFF07E07B6A1B6803F572
:10B70000007301211846FFF723FF7B6A1B6803F5CE
:10B71000A07300211846FFF71BFF7B6A1B6803F527
:10B72000A27300211846FFF713FF7B6A1B6803F51D
:10B73000A47300211846FFF70BFF7B6A1B6803F513
:10B74000A67300211846FFF703FF7B6A1B6803F509
:10B75000A87300211846FFF7FBFE7B6A1B6803F500
:10B76000AA7300211846FFF7F3FE7B6A1B681B0BC8
:10B7700003F03F033B6201237B61134BBB6107F185
:10B7800014031946386AF7F791FFF861FB69002B3B
:10B7900001DAFB6913E00321386AFFF795FE7B6A43
:10B7A0001B6803F541734FF480311846FFF7D0FE54
:10B7B0007B6A1B6801211846FFF7CAFE0023184662
:10B7C0002837BD4680BD00BFBDB5000080B584B040
:10B7D00000AF78607868FFF7D5FEF860FB68002B53
:10B7E00002D16FF0100318E0FB681B6804330121DD
:10B7F0001846FFF7ADFEFB681B6803F542734FF474
:10B800007C111846FFF7A4FEFB681B681B0B03F0B6
:10B810003F031846FFF765FE002318461037BD4664
:10B8200080BD80B584B000AF786039607868FFF77C
:10B83000A9FEF860FB68002B02D16FF0100311E045
:10B84000FB681B68443301211846FFF781FEFB6843
:10B850001B6803F244531846FFF788FE02463B6814
:10B860001A60002318461037BD4680BD80B584B0ED
:10B8700000AF786039607868FFF784FEF860FB6895
:10B88000002B02D16FF010031EE03B68002B17D095
:10B890003B685B6823F00103002B02D06FF01003BC
:10B8A00012E000F04FF8B8603B681A68FB689A60D5
:10B8B0003B689A68FB685A60B86800F029F802E0B3
:10B8C000FB6800225A60002318461037BD4680BD31
:10B8D00080B584B000AF786039607868FFF752FEB9
:10B8E000F860FB68002B02D16FF010030AE03B68A0
:10B8F000064A1A603B684FF0FF325A603B680122EB
:10B900009A60002318461037BD4680BD0024F4001D
:10B9100080B483B000AF78607B6883F3118800BF88
:10B920000C37BD465DF8047B704780B483B000AF30
:10B93000EFF311837B607B6818460C37BD465DF8DA
:10B94000047B704780B483B000AF20237B60EFF3AB
:10B9500011833B607B6883F311883B6818460C3782
:10B96000BD465DF8047B704780B582B000AF78605B
:10B970007B6801335B011846FFF7CAFF00BF083739
:10B98000BD4680BD80B582B000AFFFF7CEFF034655
:10B990005B09013B7B607B68002B01DB7B6800E07F
:10B9A000FF2318460837BD4680BD80B584B000AF80
:10B9B00078603960FFF7C6FFF8603B685A017B6822
:10B9C00003F1604303F56443D2B21A707B6803F05D
:10B9D0001F027B685B099B0003F1604303F5614331
:10B9E0001946012393400B60F868FFF791FF00BFF1
:10B9F0001037BD4680BD000080B483B000AF7860D2
:10BA00007B681B6818460C37BD465DF8047B7047A1
:10BA100080B588B000AF78601C48FFF7EDFF786113
:10BA20007B697A6802FB03F3194AA2FB03235B0BD1
:10BA30000133BB611748FFF7DFFF034623F07F4365
:10BA4000FB61FB693B611348FFF7D6FF034623F018
:10BA50007F43FB613A69FB699A4203D33A69FB6908
:10BA6000D31A04E03A697B691A44FB69D31AFB6074
:10BA7000FA68BB699A4204D2BA69FB68D31ABB61FF
:10BA8000DFE700BF00BF2037BD4680BD14E000E007
:10BA90005917B7D118E000E080B582B000AF7860E8
:10BAA00008E042F21070FFF7B3FF7B68A3F51C5368
:10BAB000103B7B607B6842F20F729342F1D878684A
:10BAC000FFF7A6FF00BF0837BD4680BD80B582B036
:10BAD00000AF786007E042F21070FFF799FF7A68D4
:10BAE000094B13447B607B68084A9342F3D27B681E
:10BAF000074AA2FB03239B0901331846FFF788FF7F
:10BB000000BF0837BD4680BD806967FF80969800FA
:10BB1000D34D621080B400AF00231846BD465DF8D7
:10BB2000047B704780B582B000AF0020FFF7D5F8E6
:10BB300078607B68002B01DA7B6800E00023184600
:10BB40000837BD4680BD80B400AF00231846BD460F
:10BB50005DF8047B7047000080B483B000AF78606C
:10BB600039607B683A681A6000BF0C37BD465DF8E3
:10BB7000047B704780B582B000AF00F079F80B4BC2
:10BB80007B600AE07B681A687B685B681946104630
:10BB9000FFF7E2FF7B6808337B607B681B68002B44
:10BBA000F0D100BF00BF0837BD4680BDC4C900004A
:10BBB00080B500AFFFF7C6FEFEE780B582B000AFEC
:10BBC00078607B68B3F1FF3F0BD07B68002B1ADAFB
:10BBD0007B6813F1030F10D07B6813F1020F06D0BE
:10BBE00011E00C48F4F706FB6FF008030DE00A487B
:10BBF000F4F700FB6FF0080307E00848F4F7FAFADF
:10BC00006FF0080301E06FF0100318460837BD46D7
:10BC100080BD00BFECC900000CCA000028CA0000AB
:10BC200080B400AF00BFBD465DF8047B704780B4B0
:10BC300000AF00BFBD465DF8047B704780B483B0A1
:10BC400000AF786039607B683A681A6000BF0C37D3
:10BC5000BD465DF8047B704780B483B000AF786068
:10BC60007B681B6818460C37BD465DF8047B70473F
:10BC700080B500AF00211648FFF7E0FF40211548CE
:10BC8000FFF7DCFF01214FF08040FFF7D7FF00BF37
:10BC90000F48FFF7E1FF034603F00103002BF7D045
:10BCA00000210D48FFF7CAFF02210C48FFF7C6FF2D
:10BCB00001210B48FFF7C2FF00BF0748FFF7CCFF89
:10BCC000034603F00103002BF7D000BF00BF80BD87
:10BCD0000001004028050040040100401805004014
:10BCE0000800004080B400AF00BFBD465DF8047B93
:10BCF000704700BF80B489B000AFF860B9607A6067
:10BD00003B603B68002B02D03B681B6801E0FB688E
:10BD10009B697B61FB681B6903F48053002B0CD08B
:10BD20007B691B6803F01003002B02D07B69FB6169
:10BD300005E07B694833FB6101E07B69FB61BB681F
:10BD4000002B27D00023BB610DE0BB68BA6953F814
:10BD500022301946FA69BB6908339B0013445960C5
:10BD6000BB690133BB61BB69032BEEDD0423BB61FF
:10BD70000DE0BB68BA6953F82220BB69043B114649
:10BD8000FA699B0013445960BB690133BB61BB690D
:10BD90000B2BEEDD7B68002B03D07B681A68FB69F8
:10BDA000DA633B68002B03D03B681A68FB689A6132
:10BDB00000BF2437BD465DF8047B704780B489B06E
:10BDC00000AFF860B9607A603B60FB689B697B619B
:10BDD000FB681B6903F48053002B0CD07B691B6844
:10BDE00003F01003002B02D07B69FB6105E07B6947
:10BDF0004433FB6101E07B69FB61BB68002B30D001
:10BE00000023BB610DE0FA69BB6908339B00134452
:10BE10005B681946BB68BA6943F82210BB690133F5
:10BE2000BB61BB69032BEEDD0423BB610DE0BB6985
:10BE3000043BFA699B0013445B681946BB68BA6906
:10BE400043F82210BB690133BB61BB690B2BEEDDEC
:10BE5000FB695B6B1A46BB681A63FB699A6BBB682C
:10BE60005A637B68002B06D0FB69DA6B7B681A602B
:10BE70007B6800229A603B68002B03D0FB689A69BC
:10BE80003B681A6000BF2437BD465DF8047B7047ED
:10BE900080B487B000AFF860B9607A60FB689B69D6
:10BEA0003B613B691B6803F01003002B02D06FF06D
:10BEB000180325E000237B6118E07B687A6953F85A
:10BEC000223019463B697A69223243F822107B6995
:10BED00003F110027B6853F8223019463A697B69F6
:10BEE0009B00134459607B6901337B617B690F2B95
:10BEF000E3DD7B68D3F880203B69C3F8C8200023CA
:10BF000018461C37BD465DF8047B704780B487B087
:10BF100000AFF860B9607A60FB689B693B613B6980
:10BF20001B6803F01003002B02D06FF0180324E00D
:10BF300000237B6117E03B697A69223253F8223093
:10BF400019467B687A6943F822103A697B699B003D
:10BF5000134459687B6903F110027B6843F822108F
:10BF60007B6901337B617B690F2BE4DD3B69D3F88F
:10BF7000C8207B68C3F88020002318461C37BD46C4
:10BF80005DF8047B704780B500AF074B01221A6053
:10BF9000064B00221A60064B4FF080521A600020B8
:10BFA000FFF7B6FC00BF80BD181400201C14002051
:10BFB00004ED00E080B400AF044B4FF080521A60F3
:10BFC00000BFBD465DF8047B704700BF04ED00E094
:10BFD00027484FF00101016026480168002902D17D
:10BFE000DFF894D011E02DE9F00F00B50A6912F4E2
:10BFF000805205D01EF0100302D12DED108A08B436
:10C00000C1F818D04FF0000202601C4D1C4E4FF0DA
:10C01000200282F31188D5F80080B8F1000F0BD10F
:10C02000D6F800C0BCF1000F08BFFFF7F9FD4FF0D4
:10C03000000282F31188EAE7C0F80080D8F818D02F
:10C04000D8F8100010F4805006D0009B13F01003B5
:10C0500002D108BCBDEC108A5DF804EBBDE8F00F1E
:10C0600003484FF00001016081F311887047000020
:10C07000181400201C140020282500202014002063
:10C08000EC25002080B500AF0148F4F7B3F8FEE7D7
:10C0900040CA000080B584B000AF114B1B68BB6084
:10C0A000104B1B68002B04D00E4B1B689B68FB6079
:10C0B00001E00023FB60BB6803F08043002B09D044
:10C0C000094B1B687B607B68BA68F9680748F4F71E
:10C0D0004FFC04E0BA68F9680548F4F749FCFEE74C
:10C0E0002CED00E01C14002028ED00E048CA000000
:10C0F0007CCA000080B500AF0148F4F77BF8FEE78A
:10C10000A8CA000080B500AF0148F4F773F8FEE755
:10C11000B4CA000080B500AF0148F4F76BF8FEE741
:10C12000C0CA000080B500AF0148F4F763F8FEE72D
:10C13000D0CA000080B500AF0148F4F75BF8FEE715
:10C14000D8CA000080B582B000AF0D4B3B600D48EF
:10C15000F4F750F800237B600AE03B681A1D3A6050
:10C160001B6819460848F4F703FC7B6801337B60C1
:10C170007B68072BF1DD0548F4F73CF8FEE700BFCC
:10C1800080E200E0E8CA000004CB000008CB000019
:10C1900080B483B000AFEFF305837B607B68184603
:10C1A0000C37BD465DF8047B704780B400AF054B8B
:10C1B0001B680133034A136000BFBD465DF8047B72
:10C1C000704700BFF425002080B400AF044B1B680B
:10C1D000013B034A136000BFBD465DF8047B704716
:10C1E000F425002080B582B000AFFFF7DEFFFFF737
:10C1F000CFFF0346103B7B60064A7B6852F8233032
:10C200003B603B6878689847FFF7DEFF00BF083760
:10C21000BD4680BD2825002080B500AFFFF7C5FFD3
:10C22000FDF749FDFFF7D0FF00BF80BD80B487B0A8
:10C2300000AFF860B9607A607B68002B0CD0BB68F7
:10C2400003F00103002B09D00C49FB687A6841F820
:10C2500023200B4B7B6001E00A4B7B600A4B7B6128
:10C26000FB689B007A6913447A681A6000231846B9
:10C270001C37BD465DF8047B704700BF28250020B1
:10C28000E5C1000045C100004000002080B400AFBF
:10C2900000BFBD465DF8047B704780B400AF00234B
:10C2A0001846BD465DF8047B704700BF80B586B078
:10C2B00000AFFFF75FFC3D4B7B613D4B3B610023D3
:10C2C000FB600AE07A69131D7B613B69191D3961C6
:10C2D00012681A60FB680133FB60FB683F2BF1DDDD
:10C2E000344B334A1A60344B7B61344B3B61344BE3
:10C2F000BB6007E07A69131D7B613B69191D3961D9
:10C3000012681A603A69BB689A42F3D12D4B3B61BF
:10C310002D4A2C4BD31A9B08FB6007E03B691A1D82
:10C320003A6100221A60FB68013BFB60FB68002B4E
:10C33000F4DC264B4FF000521A60244B1B681A465F
:10C34000214B9A4202D2214B1F4A1A60204B214AAC
:10C350001A60214B1B687B607B6823F4E04343F445
:10C3600040537B607B689BB21B4A43F0BF6343F43E
:10C3700000331360194B00221A60194B194A1A60D6
:10C38000194B1B68184A43F020031360174B1B68B6
:10C39000164A43F470031360154B1B68144A43F0AC
:10C3A00040431360FDF734FFFEE700BF00000000CC
:10C3B0000000002008ED00E038CB00000001002064
:10C3C0004C0100204C01002000260020F825002010
:10C3D000FC25002000F801200CED00E01CED00E041
:10C3E00020ED00E00000E02014ED00E088ED00E02A
:10C3F00034EF00E080B483B000AF786039607B68D0
:10C400003A681A6000BF0C37BD465DF8047B704780
:10C4100080B483B000AF78607B681B6818460C3727
:10C42000BD465DF8047B704780B500AF002104482D
:10C43000FFF7E0FF00210348FFF7DCFF00BF80BDEE
:10C44000380700505C07005080B584B000AFFFF79C
:10C45000EBFF1548FFF7DCFFF860FB6803F480434F
:10C46000002B0CBF01230023DBB2BB60FB6803F48D
:10C470000003002B0CBF01230023DBB27B60BB68F1
:10C48000002B01D0094900E009497B68002B01D04D
:10C49000064B00E0064B1A460648F4F769FA4FF4DB
:10C4A000FA70FCF7E3FAD4E7100500500CCB00005B
:10C4B00010CB000014CB0000844641EA000313F0C7
:10C4C00003036DD1403A41D351F8043B40F8043B9B
:10C4D00051F8043B40F8043B51F8043B40F8043B5E
:10C4E00051F8043B40F8043B51F8043B40F8043B4E
:10C4F00051F8043B40F8043B51F8043B40F8043B3E
:10C5000051F8043B40F8043B51F8043B40F8043B2D
:10C5100051F8043B40F8043B51F8043B40F8043B1D
:10C5200051F8043B40F8043B51F8043B40F8043B0D
:10C5300051F8043B40F8043B51F8043B40F8043BFD
:10C5400051F8043B40F8043B403ABDD2303211D39D
:10C5500051F8043B40F8043B51F8043B40F8043BDD
:10C5600051F8043B40F8043B51F8043B40F8043BCD
:10C57000103AEDD20C3205D351F8043B40F8043B9D
:10C58000043AF9D2043208D0D2071CBF11F8013B9B
:10C5900000F8013B01D30B8803806046704700BF61
:10C5A000082A13D38B078DD010F003038AD0C3F170
:10C5B0000403D21ADB071CBF11F8013B00F8013B52
:10C5C00080D331F8023B20F8023B7BE7043AD9D311
:10C5D000013A11F8013B00F8013BF9D20B780370E6
:10C5E0004B7843708B788370604670470A0D00006B
:10C5F000200000003000000058000000780000001B
:10C6000030313233343536373839616263646566C8
:10C610003031323334353637383941424344454678
:10C62000464C4F43000000004D4C4F4300000000BB
:10C63000444D4C6B000000000000000000000000B2
:10C6400000000000010000000800000000000000E1
:10C650000000000008000000493400000000000055
:10C66000400000000000000000000000400000004A
:10C67000ED3E00000000000000200000000000006F
:10C680000000000000200000254A0000000000001B
:10C690000040000000000000A15400000040000025
:10C6A00065540000A15400000001000000000000DB
:10C6B000215D000000010000E55C0000215D00003C
:10C6C00000020000000000000000000080000000E8
:10C6D000000000000000000080000000A9680000C9
:10C6E0000000000080000000A96800001D69000033
:10C6F000040000000000000025710000040000009C
:10C70000A170000025710000746B5F6578745F7420
:10C71000736B207761732063616C6C656420696E54
:10C7200020746865207461736B20696E6465706540
:10C730006E64656E740A0000746B5F6578745F7474
:10C74000736B207761732063616C6C656420696E24
:10C75000207468652064697370617463682064691B
:10C760007361626C65640A00746B5F6578645F7402
:10C77000736B207761732063616C6C656420696EF4
:10C7800020746865207461736B20696E64657065E0
:10C790006E64656E740A0000746B5F6578645F7424
:10C7A000736B207761732063616C6C656420696EC4
:10C7B00020746865206469737061746368206469BB
:10C7C0007361626C65640A000100000000000000F3
:10C7D0000000000002000000000000000000000057
:10C7E000214552524F522120696E69745F496D6133
:10C7F0006C6C6F630A000000214552524F52212099
:10C80000696E69745F6465766963650A000000009B
:10C81000214552524F522120696E69745F696E69D9
:10C820007469616C697A650A000000002145525202
:10C830004F5221206B65726E656C206F626A656372
:10C840007420696E697469616C697A650A00000018
:10C85000214552524F52212053797374656D2074D3
:10C86000696D657220737461727475700A000000DE
:10C87000214552524F522120496E697469616C20E2
:10C880005461736B2063616E206E6F7420737461EA
:10C8900072740A00214552524F522120496E697428
:10C8A00069616C205461736B2063616E206E6F74DC
:10C8B0002063726561740A0000000000010000003E
:10C8C0004DA3000001000000000400000000000073
:10C8D0000A3C3C2053595354454D20534855544429
:10C8E0004F574E203E3E0A000A0A6D6963726F542C
:10C8F0002D4B65726E656C2056657273696F6E2084
:10C9000025782E253032780A0A000000214552523F
:10C910004F522120496E6974205461736B207374E7
:10C920006172740A0000000073657200B0040000B8
:10C9300000F004006009000000D00900C0120000EF
:10C9400000B0130080250000005027004038000090
:10C9500000003B00004B000000A04E008070000073
:10C9600000F07500127A00000000800000960000C0
:10C9700000509D00C0DA00000000E50000E100006A
:10C9800000F0EB00002C010000903A0100C2010011
:10C9900000E0D7010084030000B0AF0390D0030093
:10C9A000000000040008070000705F0700100E0080
:10C9B00000D0BE0E40420F00000000100100000039
:10C9C0004DAE000014250040280000000C2500405A
:10C9D0000600000008250040FFFFFFFF1025004073
:10C9E000FFFFFFFF00000000000000000A3C3C20A9
:10C9F00053595354454D20524553455420262052F7
:10CA0000455354415254203E3E0A00000A3C3C200B
:10CA100053595354454D2046415354205245535485
:10CA2000415254203E3E0A000A3C3C205359535484
:10CA3000454D2052455354415254203E3E0A000079
:10CA40004E4D490A000000002A2A2A2048617264DB
:10CA5000206661756C74202A2A2A202063747874F9
:10CA6000736B3A25642020484653523A257820209B
:10CA7000434653523A25780A000000002A2A2A2009
:10CA800048617264206661756C74202A2A2A20200D
:10CA900063747874736B3A25642020484653523A85
:10CAA000257825780A0000004D5055204661756CA8
:10CAB000740A0000427573204661756C740A0000A8
:10CAC0005573616765204661756C740A000000004B
:10CAD000535643616C6C0A004465627567204D6F64
:10CAE0006E69746F720A0000556E646566696E65E2
:10CAF00020457863657074696F20494350523A202D
:10CB000000000000257820000A0000006F6E200061
:10CB10006F666600427574746F6E5F53575F413A7B
:10CB20002025732C20427574746F6E5F53575F42DB
:06CB30003A2025730A0003
:10CB3800002000400000000000000000000000008D
:10CB4800008000400000000000000000009000404D
:10CB5800000000000000000000A0004000000000ED
:10CB68000000000000A001400000000000000000DC
:0CCB780000B001400000000000000000C0
:040000030000C2AD8A
:00000001FF
